,timestamp,open,high,low,close,volume,10,20,30,40,50,60,10-50,10-20,Buy,Sell
0,2021-11-06 08:00:00,618.6,622.1,600.9,604.4,82326.347,,,,,,,,,False,False
1,2021-11-06 12:00:00,604.5,614.4,595.9,611.4,65272.335,,,,,,,,,False,False
2,2021-11-06 16:00:00,611.4,625.8,610.1,624.9,50857.3009,,,,,,,,,False,False
3,2021-11-06 20:00:00,624.9,639.2,623.4,638.4,53612.9385,,,,,,,,,False,False
4,2021-11-07 00:00:00,638.3,649.5,631.1,646.6,69001.4849,,,,,,,,,False,False
5,2021-11-07 04:00:00,646.6,668.8,646.6,659.2,87986.6705,,,,,,,,,False,False
6,2021-11-07 08:00:00,659.1,669.7,658.3,663.2,70337.9694,,,,,,,,,False,False
7,2021-11-07 12:00:00,663.2,668.1,654.8,660.7,71318.624,,,,,,,,,False,False
8,2021-11-07 16:00:00,660.8,664.0,650.8,656.3,50686.664,,,,,,,,,False,False
9,2021-11-07 20:00:00,656.3,657.5,643.9,650.1,39702.26,,,,,,,,,False,False
10,2021-11-08 00:00:00,650.1,650.5,631.0,638.8,82131.525,631.58,,,,,,,,False,False
11,2021-11-08 04:00:00,638.7,649.1,635.7,641.8,52383.764,634.5899999999999,,,,,,,,False,False
12,2021-11-08 08:00:00,641.7,646.7,633.7,644.5,58679.9,638.5699999999999,,,,,,,,False,False
13,2021-11-08 12:00:00,644.5,655.0,640.9,649.4,54614.542,640.93,,,,,,,,False,False
14,2021-11-08 16:00:00,649.2,651.6,644.4,645.4,32328.295,642.68,,,,,,,,False,False
15,2021-11-08 20:00:00,645.4,656.1,642.8,654.1,36692.129,644.01,,,,,,,,False,False
16,2021-11-09 00:00:00,654.1,657.0,646.7,649.8,35741.043,643.6299999999999,,,,,,,,False,False
17,2021-11-09 04:00:00,649.7,650.0,642.8,646.4,33734.758,642.4699999999999,,,,,,,,False,False
18,2021-11-09 08:00:00,646.2,650.0,640.8,643.6,36641.654,641.27,,,,,,,,False,False
19,2021-11-09 12:00:00,643.9,649.8,638.7,642.0,49765.312,640.2700000000001,,,,,,,,False,False
20,2021-11-09 16:00:00,642.1,644.3,632.9,634.7,52035.021,639.75,635.665,,,,,,4.085000000000036,False,False
21,2021-11-09 20:00:00,634.7,638.1,632.1,635.1,35574.988,639.9399999999999,637.2649999999999,,,,,,2.675000000000068,False,False
22,2021-11-10 00:00:00,635.1,636.7,626.2,628.7,40411.653,639.58,639.0749999999999,,,,,,0.5050000000001091,False,False
23,2021-11-10 04:00:00,628.7,646.4,624.2,644.4,48765.222,638.83,639.8799999999999,,,,,,-1.0499999999998408,False,True
24,2021-11-10 08:00:00,644.3,655.5,642.4,655.2,66874.984,637.16,639.92,,,,,,-2.759999999999991,False,False
25,2021-11-10 12:00:00,655.2,662.8,646.1,651.2,109322.165,636.9599999999999,640.485,,,,,,-3.525000000000091,False,False
26,2021-11-10 16:00:00,651.2,651.7,631.7,632.3,55918.375,637.29,640.46,,,,,,-3.1700000000000728,False,False
27,2021-11-10 20:00:00,632.0,639.8,574.2,614.7,222308.722,635.79,639.1300000000001,,,,,,-3.3400000000001455,False,False
28,2021-11-11 00:00:00,614.7,620.7,605.5,617.0,64946.992,628.93,635.1000000000001,,,,,,-6.1700000000001864,False,False
29,2021-11-11 04:00:00,616.9,632.0,613.8,630.6,45911.408,625.3999999999999,632.8350000000002,,,,,,-7.4350000000002865,False,False
30,2021-11-11 08:00:00,630.6,635.3,623.0,630.2,48228.551,622.9100000000001,631.3300000000002,631.4133333333334,,,,,-8.420000000000073,False,False
31,2021-11-11 12:00:00,630.2,632.5,619.0,625.2,57785.882,621.92,630.9300000000001,632.15,,,,,-9.010000000000105,False,False
32,2021-11-11 16:00:00,625.2,630.0,623.1,629.2,29135.537,620.61,630.095,632.92,,,,,-9.485000000000014,False,False
33,2021-11-11 20:00:00,629.2,634.3,626.5,628.9,29342.984,620.3,629.565,633.3533333333332,,,,,-9.2650000000001,False,False
34,2021-11-12 00:00:00,628.8,634.7,623.7,633.1,43843.813,620.53,628.845,633.4566666666667,,,,,-8.315000000000055,False,False
35,2021-11-12 04:00:00,633.1,633.6,621.1,623.4,33548.771,618.6600000000001,627.8100000000001,633.2099999999999,,,,,-9.149999999999977,False,False
36,2021-11-12 08:00:00,623.4,627.7,610.2,613.3,67631.538,616.1600000000001,626.725,632.36,,,,,-10.56499999999994,False,False
37,2021-11-12 12:00:00,613.4,619.5,608.7,613.5,47894.787,614.01,624.9000000000001,630.7566666666667,,,,,-10.8900000000001,False,False
38,2021-11-12 16:00:00,613.6,624.4,603.6,620.5,50670.468,617.46,623.195,629.22,,,,,-5.735000000000014,False,False
39,2021-11-12 20:00:00,620.5,628.8,620.3,627.0,26006.382,617.2700000000001,621.3350000000002,627.6466666666668,,,,,-4.065000000000055,False,False
40,2021-11-13 00:00:00,627.0,630.3,623.7,625.7,25597.243,617.9200000000001,620.4150000000002,626.8600000000001,628.04,,,,-2.4950000000001182,False,False
41,2021-11-13 04:00:00,625.8,627.5,620.1,627.1,20355.901,617.99,619.9550000000002,626.6166666666667,628.6099999999999,,,,-1.9650000000001455,False,False
42,2021-11-13 08:00:00,627.1,634.7,623.0,632.6,33142.887,618.1000000000001,619.3550000000001,626.0966666666667,629.2149999999999,,,,-1.2549999999999955,False,False
43,2021-11-13 12:00:00,632.7,649.8,628.1,649.0,63890.269,618.0899999999999,619.195,625.7400000000001,629.5374999999999,,,,-1.1050000000001319,False,False
44,2021-11-13 16:00:00,649.0,654.9,643.0,646.5,55927.384,618.2500000000001,619.3900000000001,625.3133333333333,629.655,,,,-1.1399999999999864,False,False
45,2021-11-13 20:00:00,646.4,654.0,646.3,649.7,23840.871,620.1800000000001,619.4200000000001,625.2666666666667,629.9524999999999,,,,0.7599999999999909,False,False
46,2021-11-14 00:00:00,649.6,655.6,645.3,646.4,31473.173,622.7,619.4300000000001,625.3833333333333,629.9449999999999,,,,3.269999999999982,False,False
47,2021-11-14 04:00:00,646.4,648.0,641.9,645.6,28942.5,626.21,620.11,625.3366666666667,629.6199999999999,,,,6.100000000000023,False,False
48,2021-11-14 08:00:00,645.6,646.4,635.0,646.4,33438.891,629.53,623.495,625.3066666666668,629.2974999999999,,,,6.034999999999968,False,False
49,2021-11-14 12:00:00,646.4,660.6,643.6,653.5,63982.446,632.67,624.97,625.1133333333335,628.9024999999999,,,,7.699999999999932,False,False
50,2021-11-14 16:00:00,653.7,659.6,640.6,646.6,50087.866,635.0,626.4599999999999,625.2766666666668,628.895,629.4319999999999,,5.568000000000097,8.540000000000077,False,False
51,2021-11-14 20:00:00,646.6,651.5,645.8,650.9,21282.144,636.69,627.34,625.5333333333333,629.1349999999999,630.2259999999999,,6.464000000000169,9.350000000000023,False,False
52,2021-11-15 00:00:00,651.0,659.4,650.9,653.1,35646.18,639.2600000000001,628.6800000000001,625.9899999999999,629.3874999999999,631.2239999999998,,8.036000000000286,10.580000000000041,False,False
53,2021-11-15 04:00:00,653.1,655.4,649.9,653.5,26519.83,642.05,630.0699999999999,626.8133333333333,629.8175,632.0399999999998,,10.010000000000105,11.980000000000018,False,False
54,2021-11-15 08:00:00,653.7,656.3,643.7,646.2,46067.402,644.2299999999999,631.24,627.6700000000001,630.0424999999999,632.5699999999999,,11.659999999999968,12.989999999999895,False,False
55,2021-11-15 12:00:00,646.2,646.5,636.1,637.4,42386.888,644.3,632.24,627.7133333333335,630.025,632.8219999999999,,11.478000000000065,12.059999999999945,False,False
56,2021-11-15 16:00:00,637.3,641.6,632.3,639.0,35376.406,643.28,632.99,627.38,629.8575,632.6119999999999,,10.66800000000012,10.289999999999964,False,False
57,2021-11-15 20:00:00,639.0,639.0,630.6,634.0,28485.038,641.98,634.095,627.4,629.4975000000001,632.0919999999999,,9.888000000000147,7.884999999999991,False,False
58,2021-11-16 00:00:00,633.9,635.2,603.9,609.1,121103.138,640.8500000000001,635.1899999999999,629.2799999999999,629.1925,631.6079999999998,,9.242000000000303,5.6600000000001955,False,False
59,2021-11-16 04:00:00,609.1,613.6,597.1,608.4,85129.923,637.74,635.205,629.2266666666667,628.2700000000001,630.67,,7.07000000000005,2.534999999999968,False,False
60,2021-11-16 08:00:00,608.4,618.9,575.0,586.3,153852.358,633.09,634.0450000000001,628.6699999999998,627.23,629.7339999999999,630.0416666666665,3.3560000000001082,-0.9550000000000409,False,True
61,2021-11-16 12:00:00,586.4,597.2,573.9,586.5,110625.114,626.53,631.61,627.0699999999999,625.7825,628.6139999999999,629.6099999999999,-2.0839999999999463,-5.080000000000041,False,False
62,2021-11-16 16:00:00,586.6,593.2,580.0,585.6,39382.992,619.3399999999999,629.3,625.5666666666667,624.3275,627.3779999999999,629.2433333333332,-8.038000000000011,-9.960000000000036,False,False
63,2021-11-16 20:00:00,585.5,593.1,574.0,589.1,47921.491,612.25,627.1499999999999,624.13,623.1724999999999,626.304,628.7416666666666,-14.053999999999974,-14.899999999999864,False,False
64,2021-11-17 00:00:00,589.2,592.8,566.1,570.2,61980.894,604.6600000000001,624.4449999999999,622.38,621.9175,624.9659999999999,627.9183333333333,-20.305999999999813,-19.784999999999854,False,False
65,2021-11-17 04:00:00,570.1,574.2,561.4,568.4,66051.719,596.9,620.6,620.4599999999999,620.01,623.4,626.8349999999998,-26.5,-23.700000000000045,False,False
66,2021-11-17 08:00:00,568.3,586.1,546.9,585.6,94118.456,589.4300000000001,616.355,618.4699999999999,617.8925,621.7719999999999,625.4149999999998,-32.34199999999987,-26.924999999999955,False,False
67,2021-11-17 12:00:00,585.6,586.4,564.8,571.3,58462.309,580.89,611.435,616.3600000000001,615.7725,619.7760000000001,623.5583333333332,-38.88600000000008,-30.54499999999996,False,False
68,2021-11-17 16:00:00,571.4,582.8,566.7,577.1,42159.302,574.31,607.58,614.8966666666668,615.5374999999999,618.216,622.0583333333333,-43.90600000000006,-33.270000000000095,False,False
69,2021-11-17 20:00:00,577.2,581.0,571.9,578.3,33606.465,570.5899999999999,604.1650000000001,613.6666666666667,614.5675,616.734,620.6566666666665,-46.14400000000012,-33.57500000000016,False,False
70,2021-11-18 00:00:00,578.3,588.7,577.0,579.9,40467.29,568.0699999999999,600.5799999999999,612.0533333333334,613.52,615.3980000000001,619.4566666666667,-47.3280000000002,-32.50999999999999,False,False
71,2021-11-18 04:00:00,579.8,581.9,570.1,574.0,34847.561,568.27,597.3999999999999,610.4966666666667,612.3700000000001,614.2800000000001,618.5566666666666,-46.010000000000105,-29.12999999999988,False,False
72,2021-11-18 08:00:00,574.0,575.0,565.4,567.5,39360.761,567.89,593.615,608.8299999999999,611.1475,613.04,617.4633333333334,-45.14999999999998,-25.725000000000023,False,False
73,2021-11-18 12:00:00,567.5,573.2,542.0,546.0,122277.631,566.43,589.3399999999999,606.91,609.7050000000002,611.8240000000001,616.325,-45.39400000000012,-22.909999999999968,False,False
74,2021-11-18 16:00:00,545.9,548.6,516.5,540.3,145415.459,563.2299999999999,583.9449999999999,604.0399999999998,607.5925000000001,610.1800000000001,614.6766666666666,-46.95000000000016,-20.715000000000032,False,False
75,2021-11-18 20:00:00,540.5,543.1,527.7,532.0,43873.835,558.27,577.5849999999999,599.8233333333334,604.9125000000001,607.6620000000001,612.545,-49.392000000000166,-19.31499999999994,False,False
76,2021-11-19 00:00:00,532.0,543.2,524.2,528.1,64366.019,554.8999999999999,572.165,595.8700000000001,602.5775000000001,605.2940000000001,610.6266666666667,-50.39400000000023,-17.2650000000001,False,False
77,2021-11-19 04:00:00,528.0,555.1,527.4,545.9,64370.175,552.6299999999999,566.76,591.8333333333334,600.4275000000001,603.1440000000001,608.5849999999999,-50.51400000000024,-14.13000000000011,False,False
78,2021-11-19 08:00:00,545.9,566.3,545.9,562.0,56370.635,548.89,561.6,588.0166666666668,598.3950000000002,602.2080000000001,606.6616666666667,-53.3180000000001,-12.710000000000036,False,False
79,2021-11-19 12:00:00,562.0,581.6,560.9,576.9,67053.673,546.81,558.7,585.0466666666669,596.9525000000002,601.0160000000001,605.08,-54.20600000000013,-11.8900000000001,False,False
80,2021-11-19 16:00:00,576.9,585.4,576.3,585.0,43642.505,545.7099999999998,556.8900000000001,582.2900000000001,595.4675000000002,599.9580000000001,603.7833333333334,-54.248000000000275,-11.180000000000291,False,False
81,2021-11-19 20:00:00,585.0,585.8,578.9,581.4,28397.525,545.64,556.9549999999999,580.1466666666666,594.2825000000001,599.0240000000001,602.84,-53.38400000000013,-11.31499999999994,False,False
82,2021-11-20 00:00:00,581.4,593.3,580.5,582.7,42729.895,546.52,557.2049999999998,577.9166666666666,593.2525000000002,598.2220000000002,601.9533333333334,-51.702000000000226,-10.684999999999832,False,False
83,2021-11-20 04:00:00,582.6,585.4,579.6,581.8,26026.221,548.03,557.2299999999998,575.5699999999999,592.1900000000002,597.3700000000002,601.1916666666668,-49.34000000000026,-9.199999999999818,False,False
84,2021-11-20 08:00:00,582.0,591.3,580.0,590.3,39156.433,551.7900000000001,557.5099999999999,573.2266666666666,590.9775000000001,596.4320000000002,600.4483333333335,-44.642000000000166,-5.7199999999998,False,False
85,2021-11-20 12:00:00,590.3,594.0,573.1,574.8,49948.358,558.1400000000001,558.2049999999999,571.1033333333332,589.4025000000001,595.5580000000002,599.4083333333335,-37.41800000000012,-0.0649999999998272,False,False
86,2021-11-20 16:00:00,574.9,599.0,573.9,597.5,57611.332,562.6800000000001,558.7899999999998,569.0033333333333,587.5725000000001,594.5980000000001,598.1916666666668,-31.918000000000006,3.8900000000002137,False,False
87,2021-11-20 20:00:00,597.4,605.1,596.5,604.8,29311.974,567.65,560.14,567.0566666666667,585.7875000000001,593.8720000000002,597.2283333333334,-26.222000000000207,7.509999999999991,False,False
88,2021-11-21 00:00:00,604.8,605.7,586.2,590.4,46678.77,574.56,561.7249999999999,565.92,584.6525000000001,593.6280000000002,597.6000000000001,-19.06800000000021,12.835000000000036,False,False
89,2021-11-21 04:00:00,590.5,596.3,586.6,587.3,26100.485,578.5899999999999,562.7,565.3299999999999,583.4325000000001,593.2800000000002,597.2783333333334,-14.690000000000282,15.889999999999873,False,False
90,2021-11-21 08:00:00,587.4,588.4,575.0,582.6,39812.764,581.16,563.435,564.98,582.0074999999999,592.6060000000001,596.825,-11.44600000000014,17.725000000000023,False,False
91,2021-11-21 12:00:00,582.6,593.0,581.1,592.9,43003.103,581.03,563.335,564.98,580.3675,591.6320000000001,596.0250000000001,-10.60200000000009,17.694999999999936,False,False
92,2021-11-21 16:00:00,592.8,594.9,587.7,588.4,42389.886,581.2500000000001,563.8850000000001,565.2199999999999,578.7499999999999,590.8520000000001,595.3933333333333,-9.601999999999975,17.36500000000001,False,False
93,2021-11-21 20:00:00,588.4,595.8,583.6,584.5,30505.203,581.97,565.0000000000002,565.4766666666667,577.1699999999998,590.1460000000001,594.8033333333333,-8.176000000000045,16.9699999999998,False,False
94,2021-11-22 00:00:00,584.6,585.8,565.1,569.5,62906.864,582.37,567.0800000000002,565.7966666666666,575.5124999999998,589.256,594.0883333333334,-6.885999999999967,15.28999999999985,False,False
95,2021-11-22 04:00:00,569.6,572.6,561.6,568.5,53542.071,580.88,569.5100000000001,565.7633333333332,573.5474999999999,587.698,593.1116666666668,-6.817999999999984,11.36999999999989,False,False
96,2021-11-22 08:00:00,568.6,575.4,568.2,571.4,37065.301,579.7300000000001,571.2050000000002,565.77,571.6849999999998,586.004,592.12,-6.273999999999887,8.524999999999977,False,False
97,2021-11-22 12:00:00,571.3,584.9,565.7,576.2,65235.417,579.1600000000001,573.4050000000001,566.48,570.0824999999999,584.462,591.42,-5.301999999999907,5.7549999999999955,False,False
98,2021-11-22 16:00:00,576.3,577.6,554.8,556.2,47730.167,576.08,575.3200000000002,566.5100000000001,568.4599999999998,582.938,590.7033333333333,-6.857999999999947,0.7599999999998772,False,False
99,2021-11-22 20:00:00,556.2,564.3,554.4,559.8,41767.837,572.9399999999999,575.7650000000001,566.1133333333333,567.2324999999998,581.3340000000001,589.89,-8.39400000000012,-2.825000000000159,False,True
100,2021-11-23 00:00:00,559.8,569.4,558.4,567.5,34735.828,569.72,575.44,565.5300000000002,566.165,579.55,588.7916666666666,-9.829999999999927,-5.720000000000027,False,False
101,2021-11-23 04:00:00,567.4,568.8,561.4,563.7,33978.086,568.06,574.5450000000001,564.9100000000002,565.75,577.906,587.7033333333334,-9.846000000000004,-6.485000000000127,False,False
102,2021-11-23 08:00:00,563.7,586.1,560.2,576.8,83694.016,566.0899999999999,573.6700000000001,564.6200000000002,565.4375,576.218,586.7250000000001,-10.128000000000043,-7.580000000000155,False,False
103,2021-11-23 12:00:00,576.8,605.0,575.8,592.8,95170.47,563.3399999999999,572.655,564.4466666666668,564.9425,574.404,585.6783333333334,-11.064000000000078,-9.315000000000055,False,False
104,2021-11-23 16:00:00,592.7,604.7,592.5,604.2,49755.034,562.5600000000001,572.4649999999999,565.5733333333334,564.9875,572.9219999999999,584.8066666666667,-10.361999999999853,-9.904999999999859,False,False
105,2021-11-23 20:00:00,604.1,605.0,589.2,591.3,37846.608,565.3000000000001,573.0899999999999,568.1066666666668,565.6475,571.8979999999999,583.965,-6.597999999999843,-7.78999999999985,False,False
106,2021-11-24 00:00:00,591.2,594.0,580.3,581.0,37884.672,568.0600000000001,573.8950000000001,570.1566666666666,566.3425000000001,570.96,583.0133333333334,-2.8999999999999773,-5.835000000000036,False,False
107,2021-11-24 04:00:00,581.0,590.6,579.1,586.5,39139.793,569.2700000000001,574.215,572.0266666666666,567.1775000000001,569.92,581.9300000000001,-0.6499999999998636,-4.944999999999936,False,False
108,2021-11-24 08:00:00,586.5,599.8,585.1,590.5,53877.046,570.61,573.345,573.75,567.5350000000001,568.8899999999999,580.8833333333334,1.720000000000141,-2.7350000000000136,True,False
109,2021-11-24 12:00:00,590.5,594.3,577.3,591.4,66372.643,573.6400000000001,573.29,575.0566666666666,567.9950000000001,568.5139999999999,580.0516666666667,5.126000000000204,0.3500000000001364,False,False
110,2021-11-24 16:00:00,591.4,593.1,581.0,582.2,40319.411,575.9300000000001,572.825,575.6033333333332,568.1300000000001,568.1179999999999,578.9466666666667,7.8120000000001255,3.105000000000018,False,False
111,2021-11-24 20:00:00,582.3,591.7,579.5,590.4,30866.122,578.1899999999999,573.1249999999999,575.7600000000001,568.2300000000001,568.2379999999999,577.9533333333333,9.951999999999998,5.065000000000055,False,False
112,2021-11-25 00:00:00,590.4,614.4,587.6,612.5,83810.875,580.0,573.0449999999998,575.7800000000001,568.465,568.3499999999999,576.8483333333334,11.650000000000091,6.955000000000155,False,False
113,2021-11-25 04:00:00,612.7,613.7,600.4,609.3,50618.191,582.74,573.04,576.0166666666667,569.02,568.502,575.7933333333332,14.238000000000056,9.700000000000045,False,False
114,2021-11-25 08:00:00,609.4,640.4,608.8,639.7,114277.206,585.2,573.88,576.7099999999999,570.4799999999999,569.03,574.9683333333331,16.170000000000073,11.32000000000005,False,False
115,2021-11-25 12:00:00,639.7,644.9,630.2,643.6,109100.598,586.83,576.065,577.67,572.7875,569.8839999999999,574.3866666666667,16.94600000000014,10.764999999999986,False,False
116,2021-11-25 16:00:00,643.6,647.0,634.6,637.1,55654.28,590.9300000000001,579.4950000000001,579.5733333333334,575.3499999999999,571.26,574.2883333333333,19.670000000000073,11.434999999999945,False,False
117,2021-11-25 20:00:00,637.0,644.1,631.4,639.2,44403.484,596.36,582.815,581.5966666666666,578.1099999999999,573.014,574.3266666666665,23.346000000000004,13.544999999999959,False,False
118,2021-11-26 00:00:00,639.4,658.2,624.1,627.3,128861.03,601.5899999999999,586.1,582.76,580.7099999999999,574.346,574.3399999999999,27.243999999999915,15.489999999999895,False,False
119,2021-11-26 04:00:00,627.2,631.5,598.3,610.0,110310.468,605.49,589.565,584.0233333333332,582.6649999999998,575.494,574.6766666666665,29.99599999999998,15.924999999999955,False,False
120,2021-11-26 08:00:00,609.8,610.9,567.4,569.9,259739.382,607.59,591.76,584.4133333333333,583.5999999999999,576.022,574.6966666666666,31.567999999999984,15.830000000000041,False,False
121,2021-11-26 12:00:00,570.0,596.3,564.2,586.6,137281.051,606.23,592.2099999999999,584.16,583.3775,575.83,574.57,30.399999999999977,14.020000000000095,False,False
122,2021-11-26 16:00:00,586.6,596.5,582.6,592.4,51855.531,604.7,592.35,583.5966666666666,583.01,575.712,574.4083333333332,28.988000000000056,12.350000000000023,False,False
123,2021-11-26 20:00:00,592.1,595.2,583.8,587.5,49072.728,604.2,593.47,583.4266666666665,583.0625,576.056,574.4516666666665,28.144000000000005,10.730000000000018,False,False
124,2021-11-27 00:00:00,587.6,595.8,584.5,591.7,59630.8,602.54,593.87,583.4333333333333,583.1674999999999,576.8919999999999,574.6149999999999,25.648000000000025,8.669999999999959,False,False
125,2021-11-27 04:00:00,591.7,594.7,584.0,591.4,35359.369,600.1100000000001,593.47,584.08,583.28,578.252,574.9216666666667,21.858000000000175,6.6400000000001,False,False
126,2021-11-27 08:00:00,591.3,608.9,591.3,599.4,71329.449,595.49,593.21,584.8266666666667,583.5525,579.3779999999999,575.2983333333334,16.11200000000008,2.2799999999999727,False,False
127,2021-11-27 12:00:00,599.3,614.4,598.0,607.2,49521.855,591.16,593.76,585.5966666666666,583.9875,580.7199999999998,576.0383333333334,10.440000000000168,-2.6000000000000227,False,True
128,2021-11-27 16:00:00,607.1,621.6,606.7,609.1,57204.666,587.8199999999999,594.7049999999999,586.6733333333334,584.0249999999999,582.132,576.5916666666667,5.687999999999988,-6.884999999999991,False,False
129,2021-11-27 20:00:00,609.2,615.8,594.1,600.2,50815.824,586.08,595.785,588.4033333333334,584.5374999999999,583.3479999999998,577.2583333333333,2.7320000000001983,-9.704999999999927,False,False
130,2021-11-28 00:00:00,600.2,604.3,572.1,579.9,80450.388,585.6600000000001,596.625,589.7266666666667,584.7249999999999,584.012,577.6283333333333,1.6480000000001382,-10.964999999999918,False,False
131,2021-11-28 04:00:00,579.9,594.1,575.8,591.2,59127.455,586.1300000000001,596.1800000000001,590.1833333333332,584.6524999999999,583.928,577.5466666666666,2.202000000000112,-10.049999999999955,False,False
132,2021-11-28 08:00:00,591.2,602.9,582.4,596.8,74368.627,587.2900000000001,595.9950000000001,590.6633333333333,584.5199999999998,583.8659999999999,577.6416666666667,3.4240000000002055,-8.705000000000041,False,False
133,2021-11-28 12:00:00,596.7,599.9,589.1,593.5,44804.949,587.2700000000001,595.735,591.4033333333333,584.3874999999998,583.904,577.925,3.366000000000099,-8.464999999999918,False,False
134,2021-11-28 16:00:00,593.5,594.8,572.4,589.4,76109.589,587.8,595.1700000000001,591.8466666666667,584.5249999999999,584.0939999999998,578.7099999999999,3.706000000000131,-7.370000000000118,False,False
135,2021-11-28 20:00:00,589.4,613.0,589.4,611.4,72808.874,586.5899999999999,593.3500000000001,591.1766666666666,584.7075,583.9419999999999,579.6416666666667,2.6480000000000246,-6.760000000000218,False,False
136,2021-11-29 00:00:00,611.5,619.0,602.2,608.8,60518.631,587.1299999999999,591.31,591.1833333333335,585.4025,584.2679999999999,580.6699999999998,2.8619999999999663,-4.180000000000064,False,False
137,2021-11-29 04:00:00,608.9,619.9,607.5,618.3,39506.003,588.2199999999999,589.6899999999999,591.9133333333335,586.2524999999999,584.834,581.9699999999998,3.3859999999999673,-1.4700000000000273,False,False
138,2021-11-29 08:00:00,618.3,619.7,604.8,611.9,57166.101,589.17,588.495,592.86,587.2975,585.054,583.3049999999998,4.1159999999999854,0.6749999999999545,False,False
139,2021-11-29 12:00:00,611.9,626.8,611.6,619.4,76438.218,588.98,587.53,593.5166666666665,588.5475,585.4259999999999,584.2866666666665,3.5540000000000873,1.4500000000000455,False,False
140,2021-11-29 16:00:00,619.3,629.3,617.0,617.5,75016.153,590.7300000000001,588.195,594.66,589.9775,585.9259999999999,585.1316666666665,4.804000000000201,2.535000000000082,False,False
141,2021-11-29 20:00:00,617.5,627.6,616.5,624.2,33478.758,595.22,590.6750000000001,595.86,591.4424999999999,586.766,585.81,8.454000000000065,4.544999999999959,False,False
142,2021-11-30 00:00:00,624.2,634.6,613.4,618.2,61333.315,599.2900000000001,593.2900000000001,597.0933333333334,592.8199999999999,587.4739999999998,586.4366666666666,11.816000000000258,6.0,False,False
143,2021-11-30 04:00:00,618.2,619.8,603.8,614.4,69306.414,602.3900000000001,594.83,597.9533333333334,594.15,587.9879999999998,586.985,14.402000000000271,7.560000000000059,False,False
144,2021-11-30 08:00:00,614.4,627.9,609.2,626.7,68042.071,603.8599999999999,595.8299999999999,598.0666666666668,594.8500000000001,588.3919999999999,587.3883333333334,15.467999999999961,8.029999999999973,False,False
145,2021-11-30 12:00:00,626.7,635.0,618.6,618.9,83882.657,607.54,597.0649999999999,598.08,595.2675,589.274,587.8749999999999,18.265999999999963,10.475000000000023,False,False
146,2021-11-30 16:00:00,618.6,628.1,613.2,623.7,78902.495,610.46,598.795,597.6933333333333,596.0025,590.414,588.6333333333333,20.04600000000005,11.665000000000077,False,False
147,2021-11-30 20:00:00,623.8,629.3,618.3,623.0,32186.197,611.5600000000001,599.89,596.9799999999999,596.825,591.314,589.2883333333332,20.246000000000095,11.670000000000073,False,False
148,2021-12-01 00:00:00,623.0,636.0,620.8,632.6,58628.716,612.6400000000001,600.905,596.5433333333333,597.805,592.366,589.6516666666665,20.274000000000115,11.735000000000127,False,False
149,2021-12-01 04:00:00,632.5,637.0,627.2,636.8,52427.299,614.24,601.61,596.4333333333333,598.6974999999999,593.686,590.2283333333332,20.553999999999974,12.629999999999995,False,False
150,2021-12-01 08:00:00,636.8,650.0,633.9,639.5,84817.993,615.8,603.2650000000001,597.3966666666668,599.9449999999999,595.1419999999999,590.905,20.658000000000015,12.534999999999854,False,False
151,2021-12-01 12:00:00,639.5,649.6,636.7,647.7,71092.76,617.49,606.355,599.6133333333335,601.2675,596.6519999999999,591.8866666666667,20.83800000000008,11.134999999999991,False,False
152,2021-12-01 16:00:00,647.8,648.6,631.2,636.2,42988.252,619.51,609.4,602.0300000000001,602.6975,598.158,592.8133333333333,21.351999999999975,10.110000000000014,False,False
153,2021-12-01 20:00:00,636.3,636.3,617.7,627.8,63584.681,621.29,611.84,603.6500000000001,603.7875000000001,599.578,593.5383333333332,21.71199999999999,9.449999999999932,False,False
154,2021-12-02 00:00:00,627.8,630.4,600.0,612.1,99585.308,622.68,613.2700000000001,604.7800000000001,604.2200000000001,600.4160000000002,594.1066666666665,22.263999999999783,9.409999999999854,False,False
155,2021-12-02 04:00:00,612.1,628.2,611.2,628.1,43166.935,621.76,614.6500000000001,605.2966666666667,604.0000000000001,600.566,594.6883333333332,21.19399999999996,7.1099999999999,False,False
156,2021-12-02 08:00:00,628.1,632.0,615.9,622.3,58752.843,621.02,615.7400000000001,606.2033333333334,603.5250000000001,601.0060000000001,595.5149999999999,20.013999999999896,5.279999999999859,False,False
157,2021-12-02 12:00:00,622.2,630.3,617.7,623.2,60874.582,621.2899999999998,616.4250000000002,607.0233333333333,603.0575000000001,601.7180000000002,596.3099999999998,19.57199999999966,4.864999999999668,False,False
158,2021-12-02 16:00:00,623.2,624.2,615.6,619.4,38211.292,621.2299999999999,616.9350000000002,607.6800000000002,602.7150000000001,602.4900000000001,597.1766666666665,18.73999999999978,4.294999999999732,False,False
159,2021-12-02 20:00:00,619.4,625.5,618.6,620.4,21418.111,620.7099999999999,617.4750000000001,607.9766666666668,602.5025000000002,603.1,598.1899999999999,17.6099999999999,3.2349999999997863,False,False
160,2021-12-03 00:00:00,620.4,621.0,610.0,613.5,42563.347,619.85,617.825,608.7933333333334,603.0100000000001,603.926,599.26,15.923999999999978,2.0249999999999773,False,False
161,2021-12-03 04:00:00,613.5,622.2,613.1,622.2,26191.419,617.4600000000002,617.4750000000001,610.0566666666667,604.0750000000002,604.5060000000001,600.12,12.954000000000065,-0.014999999999986358,False,True
162,2021-12-03 08:00:00,622.2,625.3,618.5,625.1,26815.91,615.1000000000001,617.3050000000001,611.3,605.2975,605.178,600.9816666666666,9.92200000000014,-2.2049999999999272,False,False
163,2021-12-03 12:00:00,625.1,628.4,606.4,608.1,68896.065,613.83,617.5600000000001,612.5033333333334,606.195,605.796,601.9533333333333,8.033999999999992,-3.730000000000018,False,False
164,2021-12-03 16:00:00,608.1,608.1,589.6,591.4,89475.57,612.7,617.6899999999999,613.08,606.76,605.9160000000002,602.4633333333335,6.783999999999878,-4.989999999999895,False,False
165,2021-12-03 20:00:00,591.2,600.1,575.1,595.5,90900.248,611.6600000000001,616.71,613.6533333333334,606.8875,605.532,602.4150000000001,6.128000000000043,-5.0499999999999545,False,False
166,2021-12-04 00:00:00,595.4,596.4,571.7,571.7,95614.068,608.05,614.5350000000001,613.1766666666667,606.665,604.43,602.1800000000001,3.6200000000000045,-6.485000000000127,False,False
167,2021-12-04 04:00:00,571.8,579.3,499.6,536.5,350276.818,603.63,612.46,612.1600000000001,606.175,603.172,602.0366666666667,0.45799999999997,-8.830000000000041,False,False
168,2021-12-04 08:00:00,536.3,546.0,524.9,532.9,109605.296,591.82,606.5250000000001,608.5633333333334,603.7149999999999,600.536,600.7116666666666,-8.715999999999894,-14.705000000000041,False,False
169,2021-12-04 12:00:00,532.9,569.2,532.8,563.0,103379.361,582.75,601.73,605.9000000000001,601.67,598.552,599.7083333333333,-15.802000000000021,-18.980000000000018,False,False
170,2021-12-04 16:00:00,563.0,570.5,554.9,568.7,52822.669,574.17,597.01,603.2733333333333,600.1375,597.2420000000001,598.9666666666667,-23.072000000000116,-22.840000000000032,False,False
171,2021-12-04 20:00:00,568.7,571.4,559.9,569.2,49350.781,568.66,593.0600000000001,601.2033333333335,599.7075,596.9920000000001,598.5316666666666,-28.332000000000107,-24.40000000000009,False,False
172,2021-12-05 00:00:00,569.1,575.1,555.6,566.2,69665.668,563.3399999999999,589.22,599.3166666666668,599.3100000000001,596.9060000000001,598.205,-33.566000000000145,-25.88000000000011,False,False
173,2021-12-05 04:00:00,566.1,575.2,561.9,574.9,37094.263,557.05,585.4399999999999,597.39,598.6400000000001,596.3660000000001,597.6716666666669,-39.316000000000145,-28.389999999999986,False,False
174,2021-12-05 08:00:00,574.8,583.0,570.9,573.8,50008.177,552.6,582.6499999999999,595.9933333333333,597.96,595.928,597.0300000000002,-43.327999999999975,-30.04999999999984,False,False
175,2021-12-05 12:00:00,573.7,579.3,542.0,548.0,90958.897,550.73,581.1949999999999,594.7166666666668,597.9225000000001,595.6560000000001,596.3983333333334,-44.926000000000045,-30.464999999999918,False,False
176,2021-12-05 16:00:00,548.1,561.6,546.0,553.9,70698.579,547.42,577.7349999999999,592.1633333333334,596.7375000000002,594.816,594.9283333333334,-47.39600000000007,-30.31499999999994,False,False
177,2021-12-05 20:00:00,554.0,559.8,548.0,558.4,38267.431,544.85,574.24,589.9233333333334,595.3325000000002,593.91,593.4516666666666,-49.059999999999945,-29.389999999999986,False,False
178,2021-12-06 00:00:00,558.5,559.0,537.4,549.4,64732.289,549.6899999999999,570.7549999999999,587.58,593.8450000000001,592.9100000000001,592.0616666666667,-43.22000000000014,-21.06499999999994,False,False
179,2021-12-06 04:00:00,549.6,561.0,533.9,542.4,79426.398,550.9399999999999,566.845,584.8,592.1600000000002,591.5240000000001,590.6166666666668,-40.584000000000174,-15.905000000000086,False,False
180,2021-12-06 08:00:00,542.4,564.7,538.6,556.4,229485.101,551.05,562.6099999999999,581.69,590.2175000000002,590.3200000000002,589.5433333333334,-39.27000000000021,-11.559999999999945,False,False
181,2021-12-06 12:00:00,556.4,571.9,551.2,571.8,119317.781,549.42,559.0399999999998,578.5133333333332,588.2575000000003,589.6500000000001,589.0633333333335,-40.23000000000013,-9.61999999999989,False,False
182,2021-12-06 16:00:00,571.8,575.0,564.7,571.3,62615.905,548.55,555.9449999999999,575.6633333333334,586.6250000000002,589.1580000000001,588.8466666666667,-40.608000000000175,-7.394999999999982,False,False
183,2021-12-06 20:00:00,571.4,593.5,570.3,588.3,75497.177,549.46,553.255,573.4466666666666,585.4075000000001,588.8040000000002,588.5483333333334,-39.344000000000165,-3.794999999999959,False,False
184,2021-12-07 00:00:00,588.2,595.0,582.8,588.0,67575.276,550.3,551.45,571.8666666666666,584.57,588.4280000000001,588.3233333333334,-38.128000000000156,-1.150000000000091,False,False
185,2021-12-07 04:00:00,588.2,592.3,584.7,585.5,37719.885,551.49,551.11,571.2933333333333,583.9100000000001,588.6360000000001,588.2950000000001,-37.14600000000007,0.37999999999999545,False,False
186,2021-12-07 08:00:00,585.5,592.1,582.6,589.0,49921.629,555.76,551.5899999999999,570.41,583.0625000000001,588.5420000000001,588.3066666666667,-32.78200000000015,4.170000000000073,False,False
187,2021-12-07 12:00:00,589.0,591.2,576.1,587.4,67317.289,559.4200000000001,552.135,569.2999999999998,582.2975,588.1500000000001,588.1616666666667,-28.730000000000018,7.285000000000082,False,False
188,2021-12-07 16:00:00,587.3,589.4,577.0,581.7,41384.933,562.2300000000001,555.9599999999999,567.9133333333333,581.2425000000001,587.5220000000002,587.7966666666667,-25.29200000000003,6.270000000000209,False,False
189,2021-12-07 20:00:00,581.7,583.4,572.7,579.2,38228.875,566.19,558.5649999999999,566.6266666666667,580.1474999999999,586.9660000000001,587.3016666666666,-20.776000000000067,7.625000000000114,False,False
190,2021-12-08 00:00:00,579.1,580.0,567.8,568.6,50356.306,570.0699999999999,560.5600000000002,565.0966666666667,578.785,586.1880000000001,586.9449999999999,-16.118000000000166,9.509999999999764,False,False
191,2021-12-08 04:00:00,568.7,582.1,568.5,581.5,35585.814,572.99,561.205,563.69,577.1324999999999,585.2040000000002,586.8733333333333,-12.21400000000017,11.784999999999968,False,False
192,2021-12-08 08:00:00,581.6,590.0,568.0,575.2,71069.614,574.72,561.635,562.2033333333333,575.4275,584.2440000000001,586.7516666666668,-9.524000000000115,13.085000000000036,False,False
193,2021-12-08 12:00:00,575.3,596.4,570.5,592.5,84117.21,575.05,562.255,560.52,573.8474999999999,583.336,586.5116666666668,-8.286000000000058,12.794999999999959,False,False
194,2021-12-08 16:00:00,592.4,596.3,587.4,594.8,44321.932,575.0699999999999,562.6850000000001,559.3233333333334,572.6674999999998,582.67,586.2016666666667,-7.600000000000023,12.384999999999877,False,False
195,2021-12-08 20:00:00,594.7,608.0,593.8,607.7,49025.136,575.53,563.51,559.2500000000001,572.3525,582.234,586.4516666666667,-6.704000000000065,12.019999999999982,False,False
196,2021-12-09 00:00:00,607.8,617.4,600.0,601.9,63813.236,576.4399999999999,566.1,559.8733333333333,571.9174999999999,581.738,586.5250000000001,-5.2980000000001155,10.339999999999918,False,False
197,2021-12-09 04:00:00,601.9,606.4,596.6,604.4,38388.109,578.1800000000001,568.8,560.8166666666667,571.5199999999999,581.474,586.4883333333335,-3.2939999999999827,9.38000000000011,False,False
198,2021-12-09 08:00:00,604.3,604.3,590.5,592.5,54020.784,580.23,571.23,564.0499999999998,570.9925,581.04,586.3066666666668,-0.8099999999999454,9.0,False,False
199,2021-12-09 12:00:00,592.3,596.0,574.4,580.4,67824.37,581.58,573.885,566.2366666666666,570.365,580.434,586.0683333333334,1.1460000000000719,7.69500000000005,True,False
200,2021-12-09 16:00:00,580.3,582.7,570.7,574.1,43334.119,581.75,575.91,567.6233333333334,569.26,579.3779999999999,585.4483333333335,2.372000000000071,5.840000000000032,False,False
201,2021-12-09 20:00:00,574.0,580.7,568.0,570.5,39539.689,582.0399999999998,577.515,568.15,568.2775,578.1139999999999,584.6766666666667,3.925999999999931,4.524999999999864,False,False
202,2021-12-10 00:00:00,570.5,583.0,569.8,577.4,57092.883,581.9899999999999,578.355,568.42,567.15,576.74,583.8683333333333,5.249999999999886,3.634999999999877,False,False
203,2021-12-10 04:00:00,577.2,581.7,569.1,571.4,44810.372,582.17,578.6099999999999,568.8933333333333,565.9325,575.512,583.1416666666667,6.6580000000000155,3.560000000000059,False,False
204,2021-12-10 08:00:00,571.4,582.7,570.1,581.5,37818.551,582.03,578.55,569.1333333333333,565.0,574.5399999999998,582.5633333333334,7.490000000000123,3.480000000000018,False,False
205,2021-12-10 12:00:00,581.5,595.3,568.1,570.4,86556.619,580.3000000000001,577.9150000000001,569.1066666666666,564.5125,573.9419999999999,581.9116666666667,6.358000000000175,2.384999999999991,False,False
206,2021-12-10 16:00:00,570.4,570.6,554.7,569.5,65136.164,577.7300000000001,577.085,569.9766666666667,564.3374999999999,573.0799999999998,581.0699999999999,4.650000000000318,0.6450000000000955,False,False
207,2021-12-10 20:00:00,569.3,571.7,550.6,552.6,44345.002,573.2,575.69,570.2666666666667,563.9124999999999,571.8559999999999,580.0949999999999,1.3440000000001646,-2.490000000000009,False,True
208,2021-12-11 00:00:00,552.7,568.0,546.5,564.5,71530.925,568.6000000000001,574.4150000000001,570.3533333333332,565.1874999999998,570.5139999999999,578.9666666666666,-1.91399999999976,-5.814999999999941,False,False
209,2021-12-11 04:00:00,564.6,572.9,544.6,545.2,44491.584,564.2,572.8900000000001,570.6566666666666,565.7274999999998,569.132,577.7283333333331,-4.931999999999903,-8.690000000000055,False,False
210,2021-12-11 08:00:00,545.2,557.3,542.4,551.4,60183.608,561.22,571.4850000000001,571.0133333333334,566.0224999999999,567.6519999999999,576.3516666666666,-6.431999999999903,-10.2650000000001,False,False
211,2021-12-11 12:00:00,551.5,560.4,550.1,560.1,36961.171,558.39,570.215,571.14,565.7099999999998,566.3,574.8266666666665,-7.909999999999968,-11.825000000000045,False,False
212,2021-12-11 16:00:00,560.2,567.2,557.4,558.0,37524.007,556.6,569.2950000000001,571.1033333333334,565.4649999999998,565.0399999999998,573.3833333333332,-8.439999999999827,-12.69500000000005,False,False
213,2021-12-11 20:00:00,557.8,566.4,554.5,564.9,24748.659,555.3599999999999,568.7650000000001,570.8600000000001,565.5099999999999,563.8179999999999,572.1533333333332,-8.45799999999997,-13.4050000000002,False,False
214,2021-12-12 00:00:00,564.8,567.3,559.6,562.1,24731.621,553.9,567.965,570.3333333333335,565.3249999999999,562.78,571.0999999999999,-8.879999999999995,-14.065000000000055,False,False
215,2021-12-12 04:00:00,562.0,567.3,559.6,566.7,22377.928,552.85,566.575,569.5600000000001,565.0424999999998,562.18,570.4266666666665,-9.329999999999927,-13.725000000000023,False,False
216,2021-12-12 08:00:00,566.7,568.7,560.2,565.1,26616.689,552.0000000000001,564.8650000000001,568.7233333333334,565.4824999999998,561.8699999999999,569.5666666666664,-9.869999999999777,-12.865000000000009,False,False
217,2021-12-12 12:00:00,565.2,569.6,561.4,562.6,31964.749,552.55,562.8750000000001,567.9766666666668,565.8374999999999,561.6399999999999,568.6383333333331,-9.089999999999918,-10.32500000000016,False,False
218,2021-12-12 16:00:00,562.7,573.7,560.8,570.4,31712.729,553.6299999999999,561.1150000000001,567.4866666666668,566.1724999999999,562.8759999999999,567.6999999999999,-9.245999999999981,-7.485000000000241,False,False
219,2021-12-12 20:00:00,570.4,574.8,568.4,570.9,16625.467,555.06,559.63,566.9466666666667,566.7574999999999,563.5939999999998,566.7866666666666,-8.533999999999878,-4.57000000000005,False,False
220,2021-12-13 00:00:00,570.7,572.4,554.6,558.7,41210.507,557.4399999999999,559.33,566.8033333333335,567.6200000000001,564.306,565.95,-6.866000000000099,-1.8900000000001,False,False
221,2021-12-13 04:00:00,558.7,561.8,550.1,551.4,28045.762,558.66,558.525,566.3633333333333,568.02,564.2999999999998,565.0266666666666,-5.639999999999873,0.1349999999999909,False,False
222,2021-12-13 08:00:00,551.6,556.7,544.5,550.1,42164.095,558.6600000000001,557.63,565.75,567.9925000000001,564.1039999999998,563.9766666666666,-5.443999999999733,1.0300000000000864,False,False
223,2021-12-13 12:00:00,550.0,553.4,522.7,526.5,77713.036,557.37,556.365,564.9666666666667,567.4875,563.8819999999998,562.7433333333332,-6.51199999999983,1.0049999999999955,False,False
224,2021-12-13 16:00:00,526.6,537.0,511.4,523.8,92951.931,554.19,554.0450000000001,563.3733333333333,566.2975,563.0979999999998,561.3483333333332,-8.907999999999788,0.1449999999999818,False,False
225,2021-12-13 20:00:00,523.7,531.0,519.0,521.1,43721.039,549.37,551.11,560.8400000000001,564.5125,561.9079999999999,560.045,-12.537999999999897,-1.740000000000009,False,True
226,2021-12-14 00:00:00,521.1,528.3,517.4,526.0,42905.331,545.31,548.655,558.3466666666667,562.8700000000001,561.448,559.1099999999999,-16.138000000000034,-3.3450000000000273,False,False
227,2021-12-14 04:00:00,526.2,530.4,518.1,530.3,58086.973,541.03,546.79,555.5933333333335,561.2400000000001,560.876,558.2049999999999,-19.846000000000004,-5.759999999999991,False,False
228,2021-12-14 08:00:00,530.4,536.0,516.9,523.7,83459.624,536.7,545.1650000000001,552.9766666666668,559.7900000000001,560.2779999999999,558.5133333333331,-23.57799999999986,-8.465000000000032,False,False
229,2021-12-14 12:00:00,523.7,529.8,514.6,517.8,94586.535,532.3100000000001,543.685,550.5233333333333,558.2875000000001,559.868,558.3799999999999,-27.557999999999993,-11.374999999999886,False,False
230,2021-12-14 16:00:00,517.7,523.8,510.0,512.9,45158.319,526.9300000000001,542.1850000000001,548.5300000000001,556.8350000000002,559.4820000000001,558.0766666666666,-32.55200000000002,-15.254999999999995,False,False
231,2021-12-14 20:00:00,512.8,529.4,512.6,528.2,34973.578,522.47,540.5649999999999,546.5066666666667,555.3900000000001,558.91,557.3283333333333,-36.43999999999994,-18.094999999999914,False,False
232,2021-12-15 00:00:00,528.2,532.3,524.0,528.4,28807.894,518.72,538.69,544.6600000000001,553.9925000000001,558.138,556.5399999999997,-39.418000000000006,-19.970000000000027,False,False
233,2021-12-15 04:00:00,528.4,533.2,525.7,532.2,29852.641,516.6700000000001,537.02,543.1333333333333,552.8925,557.3240000000001,556.0133333333332,-40.653999999999996,-20.34999999999991,False,False
234,2021-12-15 08:00:00,532.3,535.8,525.7,527.1,35015.521,516.97,535.58,541.6866666666667,551.7725,556.432,555.4099999999999,-39.46199999999999,-18.610000000000014,False,False
235,2021-12-15 12:00:00,527.1,528.5,502.7,502.8,62182.438,518.4,533.8850000000001,540.2066666666667,550.2300000000001,555.2900000000001,554.6566666666665,-36.8900000000001,-15.485000000000127,False,False
236,2021-12-15 16:00:00,502.8,539.4,501.8,537.7,97541.789,516.77,531.0400000000001,538.0266666666668,547.9525000000001,553.6500000000001,554.0016666666667,-36.88000000000011,-14.270000000000095,False,False
237,2021-12-15 20:00:00,537.6,546.8,536.0,541.3,54476.576,515.2099999999999,528.1200000000001,536.2633333333334,545.4975000000001,552.0340000000001,553.265,-36.82400000000018,-12.910000000000196,False,False
238,2021-12-16 00:00:00,541.3,544.6,532.6,534.8,36397.728,517.0,526.8500000000001,535.7766666666668,543.9825000000001,551.2320000000001,553.0649999999999,-34.232000000000085,-9.850000000000136,False,False
239,2021-12-16 04:00:00,534.7,536.8,528.9,532.1,26761.743,518.5699999999999,525.44,535.3133333333334,542.535,550.344,552.985,-31.774000000000115,-6.870000000000118,False,False
240,2021-12-16 08:00:00,532.2,546.0,531.6,544.3,35549.908,520.0,523.4649999999999,534.7900000000001,541.3975,549.4680000000001,552.9016666666666,-29.468000000000075,-3.464999999999918,False,False
241,2021-12-16 12:00:00,544.4,545.0,534.0,540.1,48919.793,522.1600000000001,522.3149999999999,534.4300000000001,540.42,548.744,552.785,-26.583999999999946,-0.15499999999985903,False,False
242,2021-12-16 16:00:00,539.9,543.4,529.8,531.1,31762.046,524.3,521.51,533.8933333333334,539.57,548.054,552.4983333333333,-23.75400000000002,2.7899999999999636,False,False
243,2021-12-16 20:00:00,531.0,536.5,524.8,526.1,34792.986,524.88,520.775,532.9733333333334,538.5699999999999,547.29,551.9166666666666,-22.409999999999968,4.105000000000018,False,False
244,2021-12-17 00:00:00,526.2,532.6,524.0,531.3,21339.8,524.79,520.8799999999999,531.9833333333333,537.4625,546.376,551.1583333333333,-21.586000000000013,3.910000000000082,False,False
245,2021-12-17 04:00:00,531.3,534.1,521.2,525.7,30443.862,524.62,521.51,530.7966666666667,536.31,545.1080000000001,550.1783333333333,-20.488000000000056,3.1100000000000136,False,False
246,2021-12-17 08:00:00,525.7,531.9,524.6,526.1,41012.836,526.47,521.62,529.5166666666667,535.1375,543.656,549.12,-17.185999999999922,4.850000000000023,False,False
247,2021-12-17 12:00:00,526.2,535.9,511.0,525.3,107548.22,528.75,521.98,528.33,534.385,542.1479999999999,548.1533333333334,-13.39799999999991,6.769999999999982,False,False
248,2021-12-17 16:00:00,525.1,534.5,521.5,527.0,43276.53,526.25,521.6250000000001,526.6500000000001,533.395,540.436,547.0683333333333,-14.186000000000035,4.624999999999886,False,False
249,2021-12-17 20:00:00,527.0,530.4,519.0,525.7,38423.208,525.1400000000001,521.855,525.34,532.77,539.0559999999999,546.1433333333333,-13.915999999999826,3.285000000000082,False,False
250,2021-12-18 00:00:00,525.7,529.0,517.0,524.9,37396.326,524.15,522.075,523.6933333333333,532.13,537.948,545.2483333333333,-13.798000000000002,2.074999999999932,False,False
251,2021-12-18 04:00:00,525.0,531.3,522.8,526.1,27725.14,522.6899999999999,522.425,522.4399999999999,531.495,536.8739999999999,544.4016666666666,-14.183999999999969,0.26499999999998636,False,False
252,2021-12-18 08:00:00,526.0,534.9,525.1,532.1,37884.055,521.5699999999999,522.9350000000001,521.53,530.8125,535.97,543.64,-14.400000000000091,-1.3650000000001228,False,True
253,2021-12-18 12:00:00,532.1,534.3,527.7,530.8,26180.566,521.1000000000001,522.99,520.8833333333333,530.0049999999999,535.0759999999999,542.925,-13.975999999999772,-1.8899999999998727,False,False
254,2021-12-18 16:00:00,530.8,536.8,529.4,534.5,28196.832,521.3900000000001,523.09,521.05,529.3349999999999,534.2479999999999,542.2116666666666,-12.857999999999834,-1.6999999999999318,False,False
255,2021-12-18 20:00:00,534.6,538.0,532.8,534.0,16445.271,521.9300000000001,523.275,521.65,528.58,533.434,541.245,-11.503999999999905,-1.3449999999999136,False,False
256,2021-12-19 00:00:00,534.1,544.4,529.2,539.4,30207.826,523.0899999999999,524.78,522.11,527.91,532.728,540.2283333333332,-9.638000000000034,-1.6900000000000546,False,False
257,2021-12-19 04:00:00,539.6,542.9,537.6,538.9,21337.66,523.55,526.15,522.5033333333333,527.135,532.218,539.0483333333333,-8.668000000000006,-2.6000000000000227,False,False
258,2021-12-19 08:00:00,539.0,540.4,533.1,535.2,24320.628,526.21,526.23,523.1533333333334,526.54,531.958,538.0649999999999,-5.747999999999934,-0.01999999999998181,False,False
259,2021-12-19 12:00:00,535.1,541.2,531.3,534.3,31060.081,527.3700000000001,526.2550000000001,523.6933333333334,525.8475,531.6899999999999,537.1083333333332,-4.319999999999823,1.115000000000009,False,False
260,2021-12-19 16:00:00,534.2,536.8,527.6,529.2,18665.635,528.6000000000001,526.375,524.2500000000001,524.9199999999998,531.424,536.3899999999999,-2.8239999999998417,2.2250000000001364,False,False
261,2021-12-19 20:00:00,529.2,534.7,527.7,529.8,16407.67,529.6600000000001,526.175,524.8366666666667,524.2449999999999,531.1279999999999,535.6716666666665,-1.4679999999998472,3.4850000000001273,False,False
262,2021-12-20 00:00:00,529.9,535.0,525.4,527.2,35967.372,530.15,525.86,525.34,523.685,530.68,534.9999999999999,-0.5299999999999727,4.289999999999964,False,False
263,2021-12-20 04:00:00,527.1,528.8,518.1,521.0,33256.261,530.18,525.6400000000001,525.3866666666668,523.2075,530.04,534.2599999999999,0.13999999999998636,4.53999999999985,True,False
264,2021-12-20 08:00:00,521.0,522.0,510.7,515.0,46557.823,529.22,525.3050000000001,525.1333333333334,523.0925,529.3119999999999,533.41,-0.09199999999987085,3.9149999999999636,False,False
265,2021-12-20 12:00:00,515.1,517.1,506.4,511.8,46320.978,527.35,524.6400000000001,524.6333333333334,523.0749999999999,528.334,532.4199999999998,-0.9839999999999236,2.7099999999999227,False,False
266,2021-12-20 16:00:00,511.8,519.2,511.0,518.9,27744.801,524.7099999999999,523.9000000000001,524.7566666666668,522.76,527.27,531.3916666666667,-2.560000000000059,0.8099999999998317,False,False
267,2021-12-20 20:00:00,519.0,527.4,519.0,524.1,32229.813,522.89,523.22,525.0633333333334,522.6,526.286,530.6633333333333,-3.395999999999958,-0.3300000000000409,False,True
268,2021-12-21 00:00:00,524.1,528.4,517.5,527.8,30951.142,521.03,523.6200000000001,524.4966666666667,522.6225000000002,525.438,530.1366666666667,-4.4080000000000155,-2.5900000000001455,False,False
269,2021-12-21 04:00:00,527.8,532.8,526.6,528.0,35319.785,519.47,523.4200000000001,523.9933333333335,522.6375,524.572,529.6533333333333,-5.101999999999975,-3.9500000000000455,False,False
270,2021-12-21 08:00:00,528.1,535.6,527.4,531.7,38629.19,519.0,523.8000000000001,523.9166666666667,522.9375000000001,523.7359999999999,529.3533333333332,-4.735999999999876,-4.800000000000068,False,False
271,2021-12-21 12:00:00,531.6,535.3,523.1,525.4,45794.764,518.9799999999999,524.3199999999999,523.7766666666668,523.3725000000001,523.192,529.1033333333332,-4.212000000000103,-5.340000000000032,False,False
272,2021-12-21 16:00:00,525.4,529.1,525.1,527.5,19579.615,518.52,524.3349999999999,523.4133333333334,523.635,522.6519999999999,528.6533333333333,-4.131999999999948,-5.814999999999941,False,False
273,2021-12-21 20:00:00,527.5,531.3,525.9,528.5,19261.596,518.49,524.335,523.2566666666668,523.6625,522.2639999999999,528.1149999999999,-3.7739999999998872,-5.845000000000027,False,False
274,2021-12-22 00:00:00,528.6,534.4,527.4,533.9,19505.796,519.27,524.245,523.2933333333334,523.6675,522.328,527.6383333333332,-3.0579999999999927,-4.975000000000023,False,False
275,2021-12-22 04:00:00,534.0,535.9,531.7,535.2,24271.385,520.9399999999999,524.145,523.4066666666668,523.71,522.6479999999999,527.1016666666667,-1.70799999999997,-3.205000000000041,False,False
276,2021-12-22 08:00:00,535.2,537.7,531.3,535.6,26970.008,523.4699999999999,524.0899999999999,523.7566666666668,524.4350000000002,522.9019999999999,526.6366666666667,0.5679999999999836,-0.6200000000000045,True,False
277,2021-12-22 12:00:00,535.6,543.0,528.5,540.9,58198.616,525.5,524.1949999999999,523.98,525.1725,523.18,526.155,2.32000000000005,1.3050000000000637,False,False
278,2021-12-22 16:00:00,541.0,544.8,535.3,538.9,41373.64,526.45,523.74,524.5633333333334,524.985,523.3880000000001,525.6066666666667,3.061999999999898,2.7100000000000364,False,False
279,2021-12-22 20:00:00,538.9,540.5,531.7,533.7,21576.686,528.23,523.85,525.0233333333333,525.0525,523.7560000000001,525.1816666666666,4.473999999999933,4.3799999999999955,False,False
280,2021-12-23 00:00:00,533.7,537.6,528.8,533.8,34683.073,528.74,523.87,525.4466666666667,525.1225000000001,524.0980000000001,524.5699999999999,4.641999999999939,4.8700000000000045,False,False
281,2021-12-23 04:00:00,533.8,534.0,524.7,526.7,28368.058,528.88,523.93,525.8399999999999,525.0525,524.474,524.14,4.405999999999949,4.9500000000000455,False,False
282,2021-12-23 08:00:00,526.8,529.5,525.0,527.2,26803.892,529.0400000000001,523.78,525.9033333333333,524.82,524.716,523.7166666666667,4.324000000000069,5.260000000000105,False,False
283,2021-12-23 12:00:00,527.2,531.6,527.1,529.8,28132.76,529.03,523.76,525.9,524.7,524.7360000000001,523.3916666666667,4.293999999999869,5.269999999999982,False,False
284,2021-12-23 16:00:00,529.9,552.6,529.6,550.3,70540.923,529.15,524.21,525.88,524.7574999999999,524.764,523.4649999999999,4.385999999999967,4.939999999999941,False,False
285,2021-12-23 20:00:00,550.5,551.3,546.3,549.1,26405.728,529.3700000000001,525.155,525.8866666666667,524.8975,524.842,523.7683333333332,4.528000000000134,4.2150000000001455,False,False
286,2021-12-24 00:00:00,549.1,550.8,544.2,545.4,22354.936,530.8300000000002,527.15,526.3366666666666,525.5249999999999,525.714,524.2233333333332,5.116000000000099,3.6800000000001774,False,False
287,2021-12-24 04:00:00,545.5,546.5,541.5,546.1,19592.068,532.12,528.8100000000001,526.8366666666667,526.015,526.562,524.67,5.557999999999993,3.3099999999999454,False,False
288,2021-12-24 08:00:00,546.1,551.4,545.2,547.2,24412.561,533.42,529.9350000000001,526.9666666666667,526.7774999999999,526.672,525.0600000000001,6.747999999999934,3.4849999999999,False,False
289,2021-12-24 12:00:00,547.1,554.5,542.1,548.4,43566.313,534.41,531.32,527.3700000000001,527.37,526.924,525.5316666666666,7.48599999999999,3.089999999999918,False,False
290,2021-12-24 16:00:00,548.3,551.2,543.8,544.1,35883.173,535.45,532.0950000000001,527.73,527.9475,527.188,525.99,8.262000000000057,3.3549999999999045,False,False
291,2021-12-24 20:00:00,544.1,546.0,537.8,542.4,24993.191,536.95,532.9150000000001,528.27,528.6175,527.432,526.5533333333333,9.518000000000029,4.034999999999968,False,False
292,2021-12-25 00:00:00,542.4,546.9,539.6,542.3,15232.669,538.26,533.6500000000001,528.6066666666667,528.9924999999998,527.5079999999999,526.9733333333332,10.752000000000066,4.6099999999999,False,False
293,2021-12-25 04:00:00,542.3,548.2,542.0,546.1,14324.075,539.72,534.375,529.08,529.3549999999999,527.704,527.2333333333332,12.016000000000076,5.345000000000027,False,False
294,2021-12-25 08:00:00,546.1,547.4,542.9,544.5,19058.373,541.21,535.18,529.8766666666667,529.7124999999999,528.0479999999999,527.5049999999999,13.162000000000148,6.030000000000086,False,False
295,2021-12-25 12:00:00,544.5,547.6,544.0,545.7,16639.272,542.54,535.955,530.95,530.05,528.4259999999999,527.7916666666666,14.114000000000033,6.584999999999923,False,False
296,2021-12-25 16:00:00,545.7,548.0,542.0,546.9,20769.625,542.3100000000001,536.57,532.2033333333334,530.3299999999999,528.882,528.48,13.428000000000111,5.740000000000009,False,False
297,2021-12-25 20:00:00,546.9,550.7,545.6,547.5,20262.749,542.09,537.105,533.2366666666667,530.6499999999999,529.2299999999999,529.15,12.860000000000127,4.985000000000014,False,False
298,2021-12-26 00:00:00,547.6,547.8,536.3,538.9,25473.126,542.5,537.96,534.1233333333333,530.8499999999999,529.9219999999999,529.31,12.578000000000088,4.539999999999964,False,False
299,2021-12-26 04:00:00,538.8,542.0,536.5,541.4,18620.707,541.6100000000001,538.01,534.75,530.9300000000001,530.2179999999998,529.3716666666666,11.39200000000028,3.6000000000001364,False,False
300,2021-12-26 08:00:00,541.5,545.5,540.1,542.9,23288.208,541.05,538.25,535.08,531.06,530.5679999999999,529.4983333333332,10.482000000000085,2.7999999999999545,False,False
301,2021-12-26 12:00:00,542.7,545.0,541.1,543.6,15819.081,540.6800000000001,538.8149999999999,535.5033333333333,531.3725,531.0299999999999,529.6399999999999,9.650000000000205,1.8650000000001228,False,False
302,2021-12-26 16:00:00,543.5,548.8,543.5,547.9,20315.546,541.01,539.635,536.1033333333334,531.7074999999999,531.3959999999997,529.7583333333332,9.61400000000026,1.375,False,False
303,2021-12-26 20:00:00,547.8,549.4,544.0,546.6,21577.711,541.4000000000001,540.5600000000001,536.7166666666667,532.16,531.7639999999999,529.9866666666666,9.636000000000195,0.8400000000000318,False,False
304,2021-12-27 00:00:00,546.8,549.9,544.3,548.9,16993.277,541.6,541.4050000000001,537.3199999999999,532.8074999999999,532.0899999999998,530.3066666666665,9.510000000000218,0.19499999999993634,False,False
305,2021-12-27 04:00:00,548.9,549.3,545.3,545.8,12214.693,541.74,542.14,537.8833333333333,533.6474999999998,532.3879999999998,530.6449999999999,9.352000000000203,-0.39999999999997726,False,True
306,2021-12-27 08:00:00,545.8,548.3,543.0,547.9,16897.557,541.87,542.0899999999999,538.3366666666667,534.6199999999998,532.6379999999998,531.0466666666665,9.232000000000198,-0.2199999999999136,False,False
307,2021-12-27 12:00:00,547.9,559.0,545.3,558.4,37945.565,541.97,542.03,538.7266666666667,535.4199999999998,532.9139999999998,531.3533333333331,9.056000000000267,-0.05999999999994543,False,False
308,2021-12-27 16:00:00,558.5,572.0,557.2,568.9,46100.822,541.94,542.2199999999999,539.2866666666666,536.0774999999999,533.0679999999998,531.9249999999998,8.872000000000298,-0.27999999999985903,False,False
309,2021-12-27 20:00:00,568.9,571.8,563.2,563.9,36121.775,544.03,542.82,540.0166666666667,537.0699999999999,533.55,532.5199999999999,10.480000000000018,1.2099999999999227,False,False
310,2021-12-28 00:00:00,563.8,564.0,546.8,552.5,61433.831,546.7,543.8750000000001,541.0666666666667,537.9849999999999,534.1879999999999,533.2566666666665,12.512000000000171,2.824999999999932,False,False
311,2021-12-28 04:00:00,552.5,552.5,541.8,548.1,34038.071,547.37,544.025,541.6666666666666,538.47,534.5719999999999,533.7533333333332,12.798000000000116,3.3450000000000273,False,False
312,2021-12-28 08:00:00,548.0,553.5,545.5,553.3,30293.284,547.4399999999999,544.225,542.2366666666666,538.9375,534.8539999999998,534.0699999999998,12.586000000000126,3.214999999999918,False,False
313,2021-12-28 12:00:00,553.3,555.4,542.2,547.9,38327.396,547.64,544.5200000000001,542.92,539.4475,535.2559999999999,534.4099999999999,12.384000000000128,3.119999999999891,False,False
314,2021-12-28 16:00:00,547.8,548.6,528.7,534.8,51081.844,547.4599999999999,544.53,543.4233333333334,539.8549999999999,535.7379999999998,534.6516666666665,11.722000000000094,2.92999999999995,False,False
315,2021-12-28 20:00:00,534.8,539.2,531.9,534.3,21171.503,545.9,543.8199999999999,543.3933333333333,539.8875,536.0979999999998,534.6399999999999,9.802000000000135,2.080000000000041,False,False
316,2021-12-29 00:00:00,534.2,540.5,533.1,538.9,18160.637,544.56,543.215,542.9133333333333,539.8925,536.6079999999998,534.6249999999999,7.952000000000112,1.3449999999999136,False,False
317,2021-12-29 04:00:00,538.9,539.9,534.0,535.8,13646.605,543.5699999999999,542.7700000000001,542.5433333333334,539.9375,537.05,534.6899999999998,6.519999999999982,0.7999999999998408,False,False
318,2021-12-29 08:00:00,535.7,539.9,533.4,536.8,23012.531,542.4399999999999,542.19,542.2933333333333,540.075,537.3499999999999,534.6299999999999,5.090000000000032,0.2499999999998863,False,False
319,2021-12-29 12:00:00,536.7,537.3,518.7,529.5,53651.896,540.06,542.045,541.9000000000001,540.0275,537.668,534.635,2.391999999999939,-1.9850000000000136,False,True
320,2021-12-29 16:00:00,529.7,530.0,520.1,520.6,22501.36,535.6099999999999,541.155,541.1200000000001,539.7025000000001,537.51,534.425,-1.900000000000091,-5.545000000000073,False,False
321,2021-12-29 20:00:00,520.6,524.7,511.0,514.6,35760.264,532.9399999999999,540.155,540.33,539.485,537.364,534.3,-4.424000000000092,-7.215000000000032,False,False
322,2021-12-30 00:00:00,514.5,518.4,508.6,514.1,37051.594,529.86,538.65,539.4366666666667,539.1425,537.1220000000001,534.0216666666666,-7.262000000000057,-8.789999999999964,False,False
323,2021-12-30 04:00:00,514.1,521.9,513.7,520.3,22701.251,526.1700000000001,536.905,538.4033333333334,538.7325,536.7919999999999,533.7416666666666,-10.621999999999844,-10.7349999999999,False,False
324,2021-12-30 08:00:00,520.3,525.6,517.6,525.0,30383.285,523.3199999999999,535.3900000000001,537.4600000000002,538.3975,536.548,533.6683333333333,-13.228000000000065,-12.070000000000164,False,False
325,2021-12-30 12:00:00,525.0,527.9,518.4,518.7,29597.034,522.21,534.0550000000001,536.6166666666667,538.0975,536.352,533.7833333333332,-14.141999999999939,-11.845000000000027,False,False
326,2021-12-30 16:00:00,518.8,524.0,518.6,520.0,20723.327,520.8599999999999,532.71,535.7633333333334,537.4,536.086,533.9833333333332,-15.226000000000113,-11.850000000000136,False,False
327,2021-12-30 20:00:00,520.1,521.6,515.1,518.6,20155.154,519.4100000000001,531.49,534.9833333333335,536.76,535.832,534.1099999999999,-16.421999999999912,-12.079999999999927,False,False
328,2021-12-31 00:00:00,518.6,520.6,507.3,513.9,34693.748,517.5200000000001,529.98,533.9666666666668,536.0999999999999,535.564,534.0449999999998,-18.04399999999987,-12.459999999999923,False,False
329,2021-12-31 04:00:00,513.8,517.2,509.6,513.5,26825.405,514.9100000000001,527.4849999999999,533.0000000000001,535.1524999999999,535.0039999999999,533.8749999999999,-20.093999999999824,-12.574999999999818,False,False
330,2021-12-31 08:00:00,513.6,528.5,512.3,522.0,54234.683,514.0,524.8050000000001,532.1033333333334,534.3399999999999,534.5619999999999,533.5916666666666,-20.561999999999898,-10.805000000000064,False,False
331,2021-12-31 12:00:00,522.0,523.3,520.5,521.8,17911.431,513.22,523.0799999999999,531.1766666666667,533.5524999999999,534.2319999999999,533.3399999999999,-21.01199999999983,-9.8599999999999,False,False
332,2021-12-31 16:00:00,521.9,522.8,507.1,507.3,35704.304,514.1700000000001,522.015,530.49,533.1199999999999,534.1479999999999,533.2966666666666,-19.977999999999838,-7.844999999999914,False,False
333,2021-12-31 20:00:00,507.4,514.7,506.3,511.4,19546.391,514.0200000000001,520.095,529.2766666666668,532.3074999999999,533.7899999999998,532.9966666666666,-19.769999999999754,-6.074999999999932,False,False
334,2022-01-01 00:00:00,511.6,519.9,511.5,518.0,16080.71,513.28,518.3,528.02,531.4149999999998,533.3739999999999,532.6699999999998,-20.093999999999937,-5.019999999999982,False,False
335,2022-01-01 04:00:00,518.1,521.6,513.8,515.9,20816.802,512.6700000000001,517.44,526.9266666666666,530.6299999999999,533.0119999999998,532.4049999999999,-20.341999999999757,-4.769999999999982,False,False
336,2022-01-01 08:00:00,515.9,517.2,512.5,513.8,21113.569,512.2099999999999,516.535,525.8766666666667,529.8749999999999,532.3619999999999,532.1066666666665,-20.15199999999993,-4.3250000000000455,False,False
337,2022-01-01 12:00:00,513.9,520.9,513.7,518.7,18031.12,511.6,515.505,524.86,529.1374999999999,531.7279999999998,531.7933333333332,-20.127999999999815,-3.9049999999999727,False,False
338,2022-01-01 16:00:00,518.7,525.0,517.6,524.2,28756.169,511.4599999999999,514.49,523.8066666666666,528.3399999999999,531.1719999999998,531.5466666666665,-19.711999999999875,-3.0300000000000864,False,False
339,2022-01-01 20:00:00,524.3,527.9,524.3,527.5,18540.226,512.49,513.7,522.4866666666666,527.8725,530.6199999999998,531.2516666666666,-18.129999999999768,-1.2100000000000364,False,False
340,2022-01-02 00:00:00,527.5,527.8,522.9,523.3,12229.53,513.96,513.98,521.1899999999999,527.5674999999999,530.2639999999998,531.1283333333332,-16.303999999999746,-0.01999999999998181,False,False
341,2022-01-02 04:00:00,523.3,523.4,518.3,522.2,14584.714,515.02,514.1200000000001,520.3933333333332,527.1375,529.8459999999999,531.0299999999999,-14.825999999999908,0.8999999999998636,False,False
342,2022-01-02 08:00:00,522.2,524.7,520.0,523.1,11691.956,514.8,514.485,519.6099999999999,526.5674999999999,529.4559999999998,530.9233333333332,-14.655999999999835,0.3149999999999409,False,False
343,2022-01-02 12:00:00,523.1,526.8,521.8,526.1,16579.406,516.0899999999999,515.055,518.76,525.98,529.0639999999999,530.8399999999998,-12.973999999999933,1.0349999999999682,False,False
344,2022-01-02 16:00:00,526.1,533.8,523.6,529.0,42107.735,517.64,515.4599999999999,518.0799999999999,525.425,528.6599999999999,530.7516666666666,-11.019999999999868,2.1800000000000637,False,False
345,2022-01-02 20:00:00,529.1,532.6,526.1,531.2,15757.031,518.85,515.76,517.91,524.9074999999999,528.2739999999998,530.6516666666664,-9.42399999999975,3.090000000000032,False,False
346,2022-01-03 00:00:00,531.2,531.2,523.2,524.5,18305.79,520.0800000000002,516.145,517.7166666666666,524.4274999999999,527.9159999999998,530.3149999999998,-7.835999999999672,3.935000000000173,False,False
347,2022-01-03 04:00:00,524.4,526.9,522.5,525.5,16544.806,521.1500000000001,516.375,517.3866666666667,523.9324999999999,527.5399999999998,529.9649999999998,-6.389999999999759,4.775000000000091,False,False
348,2022-01-03 08:00:00,525.5,532.0,524.2,531.1,20722.032,522.03,516.7450000000001,517.0033333333333,523.3625,527.0779999999999,529.6483333333331,-5.047999999999888,5.2849999999998545,False,False
349,2022-01-03 12:00:00,531.2,532.8,526.2,527.4,27449.675,522.6899999999999,517.5900000000001,516.6966666666667,522.5374999999999,526.8359999999999,529.2983333333331,-4.145999999999958,5.099999999999795,False,False
350,2022-01-03 16:00:00,527.2,528.3,514.3,514.3,39794.492,522.8799999999999,518.4200000000002,516.9466666666667,521.6125,526.6299999999999,529.0333333333332,-3.75,4.459999999999695,False,False
351,2022-01-03 20:00:00,514.4,515.8,510.1,511.8,33980.357,522.02,518.5200000000001,516.7533333333334,520.8,526.1139999999999,528.5416666666665,-4.093999999999937,3.4999999999998863,False,False
352,2022-01-04 00:00:00,511.9,512.8,502.2,509.4,36431.24,521.2,518.0000000000001,516.7233333333335,520.0074999999999,525.4939999999999,528.0799999999998,-4.293999999999869,3.199999999999932,False,False
353,2022-01-04 04:00:00,509.3,512.4,503.9,512.4,23215.541,519.42,517.7550000000001,516.51,518.925,524.668,527.4566666666665,-5.248000000000047,1.66499999999985,False,False
354,2022-01-04 08:00:00,512.4,515.6,510.2,515.3,24069.971,517.63,517.635,516.1833333333334,517.9675,523.866,526.8216666666665,-6.23599999999999,-0.0049999999999954525,False,True
355,2022-01-04 12:00:00,515.2,520.0,512.6,515.6,39557.078,516.29,517.57,515.9366666666668,517.505,523.184,526.2766666666665,-6.8940000000000055,-1.2800000000000864,False,False
356,2022-01-04 16:00:00,515.6,516.8,505.8,509.7,34414.925,514.94,517.5100000000001,515.7433333333335,517.0224999999999,522.53,525.7533333333332,-7.589999999999918,-2.57000000000005,False,False
357,2022-01-04 20:00:00,509.7,512.6,506.2,506.8,15769.394,513.2,517.1750000000001,515.3166666666667,516.3399999999999,521.786,525.1499999999999,-8.585999999999899,-3.9750000000000227,False,False
358,2022-01-05 00:00:00,506.9,513.4,505.6,512.1,14260.153,511.57,516.8000000000001,515.0200000000001,515.645,521.0039999999999,524.4933333333332,-9.433999999999912,-5.230000000000075,False,False
359,2022-01-05 04:00:00,512.1,514.2,511.1,513.2,11463.124,509.71000000000004,516.2,514.9633333333335,514.95,519.9719999999999,523.9816666666666,-10.26199999999983,-6.490000000000009,False,False
360,2022-01-05 08:00:00,513.2,515.8,509.7,511.5,20187.311,508.2,515.54,515.0133333333335,514.76,518.9299999999998,523.5583333333332,-10.729999999999848,-7.339999999999975,False,False
361,2022-01-05 12:00:00,511.5,513.4,508.7,512.4,33120.771,507.73999999999995,514.8800000000001,514.9266666666668,514.5,518.1879999999999,523.0516666666666,-10.447999999999922,-7.140000000000157,False,False
362,2022-01-05 16:00:00,512.4,512.7,491.4,492.7,53784.133,507.6,514.4000000000001,514.5333333333335,514.4425,517.526,522.5116666666665,-9.92599999999993,-6.800000000000068,False,False
363,2022-01-05 20:00:00,492.7,494.8,457.3,474.0,122548.812,506.51999999999987,512.97,514.0100000000001,514.0125,516.444,521.6433333333333,-9.924000000000092,-6.450000000000159,False,False
364,2022-01-06 00:00:00,474.1,475.8,464.5,465.1,92532.689,501.85999999999996,509.74500000000006,512.3766666666668,512.6025000000001,514.746,520.1983333333333,-12.886000000000024,-7.885000000000105,False,False
365,2022-01-06 04:00:00,465.2,472.2,461.6,472.0,33435.503,497.28999999999996,506.7900000000001,510.8100000000001,511.2750000000001,513.462,518.8683333333332,-16.172000000000025,-9.500000000000114,False,False
366,2022-01-06 08:00:00,472.0,472.4,459.0,462.5,50108.946,492.18999999999994,503.56500000000005,509.0700000000001,509.855,512.0559999999999,517.4733333333332,-19.865999999999985,-11.375000000000114,False,False
367,2022-01-06 12:00:00,462.5,472.9,459.2,472.0,44690.62,487.51000000000005,500.355,507.2866666666668,508.36500000000007,510.57399999999996,516.0733333333333,-23.063999999999908,-12.84499999999997,False,False
368,2022-01-06 16:00:00,472.1,481.2,470.0,477.4,31043.869,482.80999999999995,497.19000000000005,505.47000000000014,506.9675000000001,509.078,514.6383333333332,-26.26800000000003,-14.38000000000011,False,False
369,2022-01-06 20:00:00,477.4,478.7,472.0,472.7,21414.222,479.25,494.48,503.8833333333334,506.03500000000014,507.81,513.185,-28.560000000000002,-15.230000000000018,False,False
370,2022-01-07 00:00:00,472.7,473.8,450.5,453.7,51789.846,475.34,491.7700000000001,502.14000000000004,505.09500000000014,506.876,511.6649999999999,-31.536,-16.43000000000012,False,False
371,2022-01-07 04:00:00,453.7,455.0,437.6,447.1,90388.412,469.41999999999996,488.58000000000004,499.72666666666674,503.55000000000007,505.48400000000004,510.0599999999999,-36.06400000000008,-19.160000000000082,False,False
372,2022-01-07 08:00:00,447.2,457.4,445.7,453.1,46816.386,462.31000000000006,484.95500000000004,497.03666666666675,501.4775000000001,504.01599999999996,508.3233333333332,-41.705999999999904,-22.644999999999982,False,False
373,2022-01-07 12:00:00,453.1,456.8,438.6,445.0,90451.976,457.73999999999995,482.13,494.5600000000001,499.9425000000001,502.758,506.6599999999999,-45.01800000000003,-24.390000000000043,False,False
374,2022-01-07 16:00:00,444.9,454.4,440.8,451.0,50624.479,455.87000000000006,478.86500000000007,491.7866666666668,498.25,501.256,504.9333333333333,-45.38599999999991,-22.995000000000005,False,False
375,2022-01-07 20:00:00,451.0,452.9,445.5,448.0,19077.905,453.5,475.395,489.02666666666676,496.48249999999996,499.72,503.46833333333325,-46.22000000000003,-21.894999999999982,False,False
376,2022-01-08 00:00:00,448.0,455.0,446.5,451.2,26644.374,451.89,472.03999999999996,486.3400000000001,494.775,498.26199999999994,502.02833333333325,-46.37199999999996,-20.149999999999977,False,False
377,2022-01-08 04:00:00,451.2,459.2,451.0,456.3,24395.566,450.64,469.075,483.7833333333334,493.125,496.82,500.5849999999999,-46.18000000000001,-18.435000000000002,False,False
378,2022-01-08 08:00:00,456.3,459.4,453.7,456.2,23067.833,449.82,466.31499999999994,481.40000000000003,491.55750000000006,495.538,499.2016666666666,-45.71800000000002,-16.494999999999948,False,False
379,2022-01-08 12:00:00,456.3,457.0,446.0,447.8,25347.576,448.19000000000005,463.7200000000001,479.05000000000007,489.96000000000004,494.46600000000007,497.8733333333333,-46.27600000000001,-15.53000000000003,False,False
380,2022-01-08 16:00:00,447.9,450.1,415.0,421.7,135476.138,445.59,460.46500000000003,476.3766666666668,488.00249999999994,493.1940000000001,496.66166666666663,-47.6040000000001,-14.875000000000057,False,False
381,2022-01-08 20:00:00,421.7,437.3,418.5,429.8,54413.016,442.03999999999996,455.73,473.0666666666667,485.3050000000001,491.24800000000005,494.90999999999997,-49.208000000000084,-13.690000000000055,False,False
382,2022-01-09 00:00:00,429.9,435.9,427.2,432.8,33045.629,440.12999999999994,451.2200000000001,470.0133333333334,482.8100000000001,489.208,493.3683333333333,-49.07800000000009,-11.090000000000146,False,False
383,2022-01-09 04:00:00,432.7,438.1,432.6,433.9,24693.74,438.28000000000003,448.01000000000005,467.5133333333334,480.4900000000001,487.61000000000007,492.0116666666666,-49.33000000000004,-9.730000000000018,False,False
384,2022-01-09 08:00:00,433.9,435.8,428.4,435.0,27467.109,437.68,446.7750000000001,465.1366666666667,478.26000000000005,486.13599999999997,490.65999999999997,-48.45599999999996,-9.095000000000084,False,False
385,2022-01-09 12:00:00,435.2,436.7,427.4,429.8,33860.75,436.43999999999994,444.96999999999997,462.41,475.8800000000001,484.474,489.17333333333335,-48.03400000000005,-8.53000000000003,False,False
386,2022-01-09 16:00:00,429.9,444.2,429.4,443.6,38387.465,434.62999999999994,443.25999999999993,459.57,473.4125000000001,482.74600000000004,487.6566666666667,-48.1160000000001,-8.629999999999995,False,False
387,2022-01-09 20:00:00,443.7,444.5,437.2,438.8,19504.342,432.91999999999996,441.7799999999999,457.02333333333337,471.0675000000002,481.08400000000006,486.1700000000001,-48.1640000000001,-8.859999999999957,False,False
388,2022-01-10 00:00:00,438.8,440.9,435.9,439.0,21617.7,431.5400000000001,440.68,454.72333333333336,468.9350000000001,479.55400000000014,484.8716666666668,-48.01400000000007,-9.13999999999993,False,False
389,2022-01-10 04:00:00,439.0,445.5,439.0,441.9,26850.899,429.76000000000005,438.975,452.40000000000003,466.72750000000025,477.92000000000013,483.6816666666668,-48.16000000000008,-9.214999999999975,False,False
390,2022-01-10 08:00:00,441.9,442.2,432.7,433.8,28513.551,429.06000000000006,437.32499999999993,449.9966666666667,464.54750000000024,476.2140000000001,482.50500000000017,-47.15400000000005,-8.264999999999873,False,False
391,2022-01-10 12:00:00,433.9,434.3,406.9,416.0,139535.385,430.83000000000004,436.43499999999995,447.43000000000006,462.50750000000016,474.4100000000002,481.17833333333346,-43.580000000000155,-5.6049999999999045,False,False
392,2022-01-10 16:00:00,416.1,435.0,411.7,419.5,97421.872,429.66999999999996,434.8999999999999,444.03666666666675,459.9275000000001,472.18200000000024,479.28500000000014,-42.512000000000285,-5.229999999999961,False,False
393,2022-01-10 20:00:00,419.5,425.3,417.8,424.8,22264.493,428.12,433.2,441.38000000000005,457.66500000000013,470.0160000000003,477.6950000000002,-41.8960000000003,-5.079999999999984,False,False
394,2022-01-11 00:00:00,424.8,434.0,420.9,433.9,36707.756,426.64,432.15999999999985,440.0633333333334,455.5125000000001,467.9360000000002,476.22000000000014,-41.29600000000022,-5.519999999999868,False,False
395,2022-01-11 04:00:00,433.9,442.3,430.4,442.0,32215.944,425.89,431.16499999999985,438.60999999999996,453.2800000000001,465.8820000000003,474.71000000000015,-39.9920000000003,-5.274999999999864,False,False
396,2022-01-11 08:00:00,442.0,455.0,442.0,448.4,137721.777,426.18999999999994,430.40999999999985,437.56999999999994,451.2250000000001,463.96800000000025,473.3200000000002,-37.778000000000304,-4.219999999999914,False,False
397,2022-01-11 12:00:00,448.4,454.8,446.2,452.5,61942.369,427.45,430.18499999999983,437.0033333333333,449.6300000000001,462.3440000000003,472.1450000000002,-34.89400000000029,-2.734999999999843,False,False
398,2022-01-11 16:00:00,452.5,470.0,452.2,460.0,111023.085,428.35,429.945,436.57,448.1300000000001,460.81800000000027,471.02000000000027,-32.468000000000245,-1.5949999999999704,False,False
399,2022-01-11 20:00:00,460.1,464.8,459.5,463.7,28352.316,429.98,429.87,435.9766666666667,446.7950000000001,459.3780000000003,469.93000000000023,-29.39800000000031,0.11000000000001364,False,False
400,2022-01-12 00:00:00,463.7,466.0,458.0,459.5,47885.481,432.0299999999999,430.5449999999999,435.56,445.5050000000001,458.0440000000003,468.8500000000002,-26.014000000000408,1.4850000000000136,False,False
401,2022-01-12 04:00:00,459.5,462.3,456.8,459.2,23299.43,434.55999999999995,432.6949999999999,435.81,444.2125,456.91800000000023,467.7683333333336,-22.35800000000029,1.865000000000066,False,False
402,2022-01-12 08:00:00,459.1,471.3,458.5,468.2,46011.056,439.55,434.60999999999984,436.44999999999993,442.9150000000001,455.8520000000002,466.7433333333336,-16.30200000000019,4.940000000000168,False,False
403,2022-01-12 12:00:00,468.2,484.5,467.5,482.4,85421.68,444.2299999999999,436.1749999999999,436.87666666666667,442.09250000000003,454.9780000000002,465.7183333333336,-10.748000000000275,8.055000000000007,False,False
404,2022-01-12 16:00:00,482.5,487.7,480.5,487.5,33407.822,449.2,437.9199999999999,437.8399999999999,442.3475,454.25000000000017,464.81333333333356,-5.050000000000182,11.280000000000086,False,False
405,2022-01-12 20:00:00,487.5,489.9,484.8,488.0,30639.054,455.16,440.525,439.16333333333324,442.74750000000006,453.6560000000001,464.09500000000025,1.5039999999999054,14.635000000000048,True,False
406,2022-01-13 00:00:00,487.9,489.2,476.8,478.9,33917.103,460.6000000000001,443.39499999999987,440.47333333333324,443.3275,453.1000000000001,463.40666666666687,7.5,17.20500000000021,False,False
407,2022-01-13 04:00:00,478.9,485.0,478.1,483.2,22694.342,464.08000000000004,445.765,441.48333333333323,443.7724999999999,452.5200000000001,462.63333333333355,11.559999999999945,18.315000000000055,False,False
408,2022-01-13 08:00:00,483.3,487.7,477.6,478.2,32910.072,467.2700000000001,447.81000000000006,442.3866666666666,444.245,451.958,461.8933333333335,15.312000000000069,19.460000000000036,False,False
409,2022-01-13 12:00:00,478.3,487.9,470.6,474.2,67843.76,469.8100000000001,449.8950000000001,443.1833333333333,444.43499999999995,451.39799999999997,461.11666666666684,18.41200000000015,19.91500000000002,False,False
410,2022-01-13 16:00:00,474.2,478.9,466.9,475.2,58652.39,470.9200000000001,451.475,444.0033333333332,444.3999999999998,450.58799999999997,460.19000000000017,20.332000000000107,19.44500000000005,False,False
411,2022-01-13 20:00:00,475.3,479.8,471.0,475.2,25543.317,471.80999999999995,453.18500000000006,445.73333333333323,444.80999999999995,449.7319999999999,459.40000000000015,22.07800000000003,18.624999999999886,False,False
412,2022-01-14 00:00:00,475.3,482.0,472.8,480.3,26724.287,473.2299999999999,456.39000000000004,447.48333333333323,445.64499999999987,448.97799999999995,458.7483333333334,24.251999999999953,16.83999999999986,False,False
413,2022-01-14 04:00:00,480.4,490.0,480.4,484.4,38479.534,474.65999999999997,459.445,449.0033333333332,446.32249999999993,448.60599999999994,458.2583333333334,26.05400000000003,15.214999999999975,False,False
414,2022-01-14 08:00:00,484.4,484.6,468.7,472.1,49740.572,475.94999999999993,462.575,450.5966666666665,447.36749999999995,449.068,457.86666666666673,26.881999999999948,13.374999999999943,False,False
415,2022-01-14 12:00:00,472.1,483.1,466.0,481.5,68907.389,474.77,464.96500000000003,451.93999999999994,448.06499999999994,449.152,457.17500000000007,25.617999999999995,9.80499999999995,False,False
416,2022-01-14 16:00:00,481.4,487.0,479.3,485.9,40826.276,472.89000000000004,466.7450000000002,453.2266666666666,448.5775,449.23999999999995,456.39833333333337,23.65000000000009,6.144999999999868,False,False
417,2022-01-14 20:00:00,486.0,492.3,486.0,490.1,31437.791,473.14000000000004,468.61,454.89,449.3974999999999,449.6459999999999,455.9566666666667,23.494000000000142,4.53000000000003,False,False
418,2022-01-15 00:00:00,490.2,493.2,485.3,488.2,29413.741,473.93,470.6,456.51666666666665,450.2724999999999,450.18199999999996,455.62,23.748000000000047,3.329999999999984,False,False
419,2022-01-15 04:00:00,488.2,495.0,486.6,494.2,26217.458,474.7,472.255,458.1633333333333,451.0624999999999,450.48799999999994,455.28166666666664,24.212000000000046,2.444999999999993,False,False
420,2022-01-15 08:00:00,494.3,496.3,489.1,492.5,35615.04,476.3,473.60999999999996,459.74999999999994,452.0774999999999,450.77999999999986,454.8733333333333,25.520000000000152,2.6900000000000546,False,False
421,2022-01-15 12:00:00,492.5,501.0,487.9,500.2,41430.082,478.5200000000001,475.16499999999996,461.63,453.92999999999984,451.5519999999999,454.52999999999986,26.96800000000019,3.355000000000132,False,False
422,2022-01-15 16:00:00,500.2,501.1,495.3,498.3,25951.259,480.21000000000004,476.71999999999997,464.33,455.66499999999985,452.5579999999999,454.1833333333333,27.652000000000157,3.490000000000066,False,False
423,2022-01-15 20:00:00,498.4,500.4,494.0,494.9,16382.435,482.4599999999999,478.55999999999995,467.1166666666666,457.36749999999984,453.54999999999995,454.2483333333332,28.909999999999968,3.8999999999999773,False,False
424,2022-01-16 00:00:00,494.6,496.0,488.9,492.0,42762.354,483.82,479.88499999999993,469.65666666666664,458.90249999999986,454.6579999999999,454.8599999999999,29.16200000000009,3.935000000000059,False,False
425,2022-01-16 04:00:00,492.1,497.8,490.8,496.3,29763.275,485.84,480.305,471.9233333333333,460.41499999999996,455.61999999999995,455.2666666666666,30.220000000000027,5.534999999999968,False,False
426,2022-01-16 08:00:00,496.4,497.7,491.3,494.4,24121.625,488.32,480.605,473.93666666666667,461.9999999999999,456.5259999999999,455.7533333333332,31.794000000000096,7.714999999999975,False,False
427,2022-01-16 12:00:00,494.3,503.2,490.9,501.5,48127.721,489.5200000000001,481.33000000000004,475.5799999999999,463.54749999999996,457.4219999999999,456.2916666666666,32.098000000000184,8.190000000000055,False,False
428,2022-01-16 16:00:00,501.6,505.9,498.0,498.6,40977.311,490.01000000000005,481.96999999999997,477.0699999999999,464.89,458.2199999999999,456.81999999999994,31.790000000000134,8.040000000000077,False,False
429,2022-01-16 20:00:00,498.6,501.4,497.8,498.8,15655.498,491.28000000000003,482.98999999999995,478.5966666666666,466.4425,459.10599999999994,457.28666666666663,32.17400000000009,8.290000000000077,False,False
430,2022-01-17 00:00:00,498.8,499.2,484.3,484.5,40202.714,492.4000000000001,484.3499999999999,479.87333333333316,467.9124999999999,460.1419999999999,457.7166666666665,32.25800000000021,8.050000000000182,False,False
431,2022-01-17 04:00:00,484.5,486.8,481.3,485.9,38556.394,491.9200000000001,485.21999999999997,480.74999999999983,469.2025,461.5279999999999,458.2799999999999,30.392000000000166,6.700000000000102,False,False
432,2022-01-17 08:00:00,485.8,486.0,480.3,481.5,26413.344,491.26000000000005,485.73499999999984,481.5666666666665,471.0624999999999,462.7839999999999,459.0083333333332,28.47600000000017,5.525000000000205,False,False
433,2022-01-17 12:00:00,481.3,482.3,470.6,471.7,38319.471,489.76000000000005,486.10999999999984,482.2933333333331,472.77749999999986,463.84599999999983,459.5849999999999,25.914000000000215,3.6500000000002046,False,False
434,2022-01-17 16:00:00,471.7,478.7,468.8,477.7,43335.314,487.4200000000001,485.6199999999999,482.3966666666665,474.09749999999985,464.6059999999998,460.11833333333317,22.81400000000025,1.800000000000182,False,False
435,2022-01-17 20:00:00,477.8,478.6,467.3,475.4,24704.995,485.41000000000014,485.6249999999999,482.0066666666665,475.2949999999998,465.4139999999999,460.58499999999987,19.996000000000265,-0.21499999999974762,False,True
436,2022-01-18 00:00:00,475.4,479.7,470.5,472.8,27568.482,483.06000000000006,485.68999999999994,481.4233333333332,476.21749999999986,466.2119999999998,460.94833333333315,16.84800000000024,-2.6299999999998818,False,False
437,2022-01-18 04:00:00,472.7,476.3,467.8,474.4,26313.863,480.98,485.25,481.2133333333332,476.92999999999984,467.0339999999999,461.3483333333332,13.94600000000014,-4.269999999999982,False,False
438,2022-01-18 08:00:00,474.4,474.5,460.5,466.8,40708.558,478.66999999999996,484.34,480.86999999999983,477.4699999999998,467.64599999999984,461.62833333333316,11.024000000000115,-5.670000000000016,False,False
439,2022-01-18 12:00:00,466.8,467.7,460.0,461.2,40345.491,474.9200000000001,483.1,480.29999999999984,477.6774999999998,468.13799999999986,461.7416666666665,6.78200000000021,-8.17999999999995,False,False
440,2022-01-18 16:00:00,461.2,463.8,457.2,462.8,34619.321,471.14000000000004,481.7700000000001,479.9466666666665,477.68999999999977,468.5579999999998,461.9749999999998,2.582000000000221,-10.630000000000052,False,False
441,2022-01-18 20:00:00,462.7,474.2,460.2,471.6,30238.456,468.43,480.17500000000007,479.6233333333332,477.6699999999998,469.0479999999999,462.67833333333317,-0.6179999999998813,-11.745000000000061,False,False
442,2022-01-19 00:00:00,471.5,472.5,461.4,463.4,26314.114,466.32,478.79000000000013,479.2633333333332,477.7549999999998,470.11399999999986,463.37333333333316,-3.793999999999869,-12.470000000000141,False,False
443,2022-01-19 04:00:00,463.6,466.2,453.9,456.1,29512.406,464.42999999999995,477.0950000000001,478.8833333333332,477.8274999999999,471.1079999999999,463.9433333333332,-6.67799999999994,-12.665000000000134,False,False
444,2022-01-19 08:00:00,456.1,464.9,454.1,462.9,32137.027,462.7599999999999,475.09000000000003,477.9999999999999,477.4874999999999,471.8299999999999,464.29833333333323,-9.07000000000005,-12.330000000000155,False,False
445,2022-01-19 12:00:00,462.9,471.5,461.6,466.5,35585.321,461.28999999999996,473.3500000000001,477.51333333333326,476.8275,472.49399999999986,464.7266666666666,-11.203999999999894,-12.060000000000116,False,False
446,2022-01-19 16:00:00,466.4,473.1,463.8,471.4,31689.32,460.7200000000001,471.89000000000004,477.3666666666667,476.24749999999983,473.1179999999999,465.2966666666665,-12.397999999999797,-11.169999999999959,False,False
447,2022-01-19 20:00:00,471.3,471.6,461.9,462.1,27813.229,460.05,470.515,476.85,475.92249999999984,473.55399999999986,465.8699999999999,-13.503999999999849,-10.464999999999975,False,False
448,2022-01-20 00:00:00,462.1,469.4,462.1,468.8,20677.709,459.4599999999999,469.0649999999999,476.0466666666667,475.5174999999999,473.8679999999999,466.2816666666666,-14.407999999999959,-9.604999999999961,False,False
449,2022-01-20 04:00:00,468.8,478.9,468.5,477.3,51612.689,459.62000000000006,467.27,475.27333333333337,475.1299999999998,474.06599999999986,466.71833333333325,-14.445999999999799,-7.64999999999992,False,False
450,2022-01-20 08:00:00,477.4,477.7,461.9,464.5,79256.329,460.46999999999997,465.805,474.6700000000001,475.07749999999976,474.24599999999987,467.20999999999987,-13.775999999999897,-5.335000000000036,False,False
451,2022-01-20 12:00:00,464.5,475.6,458.9,473.0,80433.016,460.93999999999994,464.68499999999995,473.7633333333334,474.9525,474.32399999999984,467.6966666666666,-13.3839999999999,-3.7450000000000045,False,False
452,2022-01-20 16:00:00,473.2,474.7,463.4,464.9,37512.571,460.80999999999995,463.56499999999994,472.79666666666674,474.65,474.36599999999993,468.5633333333333,-13.555999999999983,-2.7549999999999955,False,False
453,2022-01-20 20:00:00,464.9,465.3,438.3,440.3,71452.103,461.00999999999993,462.71999999999997,471.73333333333335,474.41499999999996,474.46399999999994,469.42499999999995,-13.454000000000008,-1.7100000000000364,False,False
454,2022-01-21 00:00:00,440.2,444.6,413.6,422.5,122658.331,459.45,461.1049999999999,469.87666666666667,473.3625,473.87999999999994,469.7666666666666,-14.42999999999995,-1.6549999999999159,False,False
455,2022-01-21 04:00:00,422.5,431.6,422.3,431.3,50565.332,455.4000000000001,458.34499999999997,467.3666666666667,471.98499999999996,472.542,469.64499999999987,-17.141999999999882,-2.9449999999998795,False,False
456,2022-01-21 08:00:00,431.2,433.2,425.3,426.6,41728.123,451.4700000000001,456.09499999999997,465.08333333333326,470.89250000000004,471.2919999999999,469.50999999999993,-19.821999999999832,-4.624999999999886,False,False
457,2022-01-21 12:00:00,426.7,427.3,405.0,422.9,106493.465,447.62000000000006,453.83499999999987,462.8833333333332,469.5424999999999,470.2619999999999,469.23166666666657,-22.641999999999825,-6.2149999999998045,False,False
458,2022-01-21 16:00:00,423.0,425.5,413.5,413.8,54051.065,441.9300000000001,450.695,460.0199999999998,467.5174999999999,468.79999999999995,468.5449999999999,-26.869999999999834,-8.764999999999873,False,False
459,2022-01-21 20:00:00,413.9,416.5,373.9,384.0,200484.576,437.07000000000005,448.3450000000001,457.2033333333332,465.72249999999997,467.51799999999986,467.89999999999986,-30.44799999999981,-11.275000000000034,False,False
460,2022-01-22 00:00:00,383.9,389.3,380.0,383.0,75692.176,427.61,444.03999999999996,453.0733333333332,462.90500000000003,465.5839999999999,466.47333333333324,-37.973999999999876,-16.42999999999995,False,False
461,2022-01-22 04:00:00,382.9,384.7,344.7,350.2,151847.647,419.4200000000001,440.18,449.5966666666665,460.17750000000007,463.846,465.17333333333323,-44.42599999999993,-20.759999999999934,False,False
462,2022-01-22 08:00:00,350.2,364.7,336.8,361.5,209337.087,408.0,434.40500000000003,445.04333333333324,456.5975,461.32,463.30499999999995,-53.31999999999999,-26.40500000000003,False,False
463,2022-01-22 12:00:00,361.5,376.7,356.6,356.6,117138.017,395.34000000000003,428.175,440.25999999999993,452.63500000000005,458.5999999999999,461.2766666666666,-63.25999999999988,-32.83499999999998,False,False
464,2022-01-22 16:00:00,356.9,367.1,346.4,349.2,111735.587,387.16999999999996,423.31000000000006,436.4599999999999,449.19999999999993,456.12399999999997,459.4283333333332,-68.95400000000001,-36.1400000000001,False,False
465,2022-01-22 20:00:00,349.2,366.4,347.8,358.3,59957.178,380.45,417.92500000000007,432.37999999999994,445.6375,453.67799999999994,457.1933333333333,-73.22799999999995,-37.47500000000008,False,False
466,2022-01-23 00:00:00,358.4,371.0,356.4,366.4,52836.863,373.0,412.235,428.3966666666666,442.0624999999999,451.314,454.9099999999999,-78.31400000000002,-39.235000000000014,False,False
467,2022-01-23 04:00:00,366.4,380.2,365.0,379.7,70913.73,366.11,406.865,424.5933333333332,438.68999999999994,448.856,452.9033333333333,-82.74599999999998,-40.754999999999995,False,False
468,2022-01-23 08:00:00,379.7,388.9,378.6,382.5,79501.977,362.11,402.02000000000004,421.16666666666663,435.5424999999999,446.436,451.0183333333333,-84.32599999999996,-39.910000000000025,False,False
469,2022-01-23 12:00:00,382.4,389.0,367.8,371.1,78634.637,358.62,397.845,418.43666666666667,432.5574999999999,444.30199999999996,449.3683333333332,-85.68199999999996,-39.22500000000002,False,False
470,2022-01-23 16:00:00,371.1,378.3,363.4,365.1,61636.155,358.01000000000005,392.81000000000006,415.3633333333333,429.3074999999998,441.926,447.65499999999986,-83.91599999999994,-34.80000000000001,False,False
471,2022-01-23 20:00:00,365.1,386.4,363.6,384.1,58584.537,356.35,387.88500000000005,412.2366666666666,426.28499999999997,439.41200000000003,445.93,-83.06200000000001,-31.535000000000025,False,False
472,2022-01-24 00:00:00,384.0,384.0,370.3,372.7,33091.992,358.24,383.12,409.0166666666666,423.34249999999986,436.926,444.14,-78.68599999999998,-24.879999999999995,False,False
473,2022-01-24 04:00:00,372.8,373.6,361.2,361.9,40953.666,361.59000000000003,378.46500000000003,405.9799999999999,420.59249999999986,434.426,442.43166666666656,-72.83599999999996,-16.875,False,False
474,2022-01-24 08:00:00,361.9,368.4,339.8,344.8,168146.812,362.05,374.61,402.89,417.8574999999999,431.7699999999999,440.44499999999994,-69.71999999999991,-12.560000000000002,False,False
475,2022-01-24 12:00:00,345.0,353.0,336.6,351.7,170420.419,361.39,370.92,399.08,414.6324999999999,428.78799999999995,438.29666666666657,-67.39799999999997,-9.53000000000003,False,False
476,2022-01-24 16:00:00,351.8,367.3,345.0,364.9,120151.601,360.27,366.63500000000005,394.9133333333333,411.3649999999999,425.7039999999999,436.14,-65.43399999999991,-6.365000000000066,False,False
477,2022-01-24 20:00:00,364.8,376.8,363.4,371.3,63509.251,359.13,362.62000000000006,390.95333333333326,408.22749999999985,422.7779999999999,433.9016666666666,-63.64799999999991,-3.490000000000066,False,False
478,2022-01-25 00:00:00,371.3,371.6,360.7,365.2,39128.097,358.97,360.54,387.66999999999996,405.61749999999995,420.2279999999999,431.8583333333333,-61.25799999999987,-1.5699999999999932,False,False
479,2022-01-25 04:00:00,365.1,365.8,357.6,362.7,33899.476,357.18,357.90000000000003,384.29,403.1225,417.4819999999999,429.78166666666664,-60.30199999999991,-0.7200000000000273,False,False
480,2022-01-25 08:00:00,362.7,376.1,361.7,371.8,71138.293,356.15999999999997,357.08500000000004,380.59333333333336,400.56249999999994,414.6779999999998,427.6316666666666,-58.51799999999986,-0.9250000000000682,False,False
481,2022-01-25 12:00:00,371.8,375.6,365.4,371.7,81721.676,355.98999999999995,356.16999999999996,377.2533333333334,398.175,412.2259999999999,425.5083333333333,-56.23599999999993,-0.18000000000000682,False,False
482,2022-01-25 16:00:00,371.7,388.2,371.1,384.3,66248.583,356.16999999999996,357.20500000000004,374.1366666666667,395.80499999999995,409.9079999999999,423.46666666666664,-53.73799999999994,-1.0350000000000819,False,False
483,2022-01-25 20:00:00,384.2,386.2,376.2,385.3,37786.439,356.24999999999994,358.91999999999996,371.06000000000006,393.5475,407.7239999999999,421.39666666666665,-51.47399999999993,-2.670000000000016,False,False
484,2022-01-26 00:00:00,385.3,385.7,377.4,379.7,31006.593,357.75,359.9,368.99000000000007,391.605,405.8359999999999,419.4333333333333,-48.0859999999999,-2.1499999999999773,False,False
485,2022-01-26 04:00:00,379.7,383.5,376.8,380.8,29923.579,361.51,361.44999999999993,367.7833333333335,389.68750000000006,404.008,417.575,-42.49799999999999,0.06000000000005912,False,False
486,2022-01-26 08:00:00,380.7,390.0,380.6,389.2,43454.343,365.53,362.9,366.2666666666667,387.5675,402.198,415.67499999999995,-36.668000000000006,2.6299999999999955,False,False
487,2022-01-26 12:00:00,389.2,399.2,385.8,392.3,77110.855,369.09,364.11,364.7766666666667,385.4875,400.3999999999999,413.8299999999999,-31.309999999999945,4.979999999999961,False,False
488,2022-01-26 16:00:00,392.2,402.9,382.2,388.8,117625.911,371.33000000000004,365.15,364.13666666666666,383.585,398.75999999999993,412.0783333333332,-27.429999999999893,6.180000000000064,False,False
489,2022-01-26 20:00:00,388.7,388.7,366.6,375.2,83527.973,373.47999999999996,365.33000000000004,363.09333333333336,381.58750000000003,397.194,410.14833333333326,-23.714000000000055,8.14999999999992,False,False
490,2022-01-27 00:00:00,375.4,378.7,360.1,362.5,53635.24,374.38,365.27000000000004,362.85,379.0400000000001,395.3259999999999,407.9616666666665,-20.945999999999913,9.109999999999957,False,False
491,2022-01-27 04:00:00,362.4,368.9,361.5,366.9,26640.791,374.21999999999997,365.105,362.18666666666667,376.49500000000006,393.38399999999996,405.89166666666654,-19.163999999999987,9.114999999999952,False,False
492,2022-01-27 08:00:00,367.0,371.8,365.4,371.7,39960.005,373.83,365.00000000000006,362.7466666666667,374.06000000000006,391.4099999999999,403.8949999999998,-17.579999999999927,8.829999999999927,False,False
493,2022-01-27 12:00:00,371.7,378.2,369.7,374.2,52085.852,373.26,364.755,363.7,371.61,389.48999999999995,401.97999999999985,-16.22999999999996,8.504999999999995,False,False
494,2022-01-27 16:00:00,374.2,375.0,365.7,366.9,37497.457,372.61,365.18,364.13666666666666,369.8950000000001,387.806,400.29833333333323,-15.19599999999997,7.430000000000007,False,False
495,2022-01-27 20:00:00,367.0,394.5,360.1,390.0,108962.189,371.43999999999994,366.475,364.78000000000003,368.6975000000001,386.038,398.5799999999999,-14.59800000000007,4.964999999999918,False,False
496,2022-01-28 00:00:00,390.0,393.2,382.4,389.7,45053.796,369.77,367.65,365.1900000000001,367.1425000000001,384.008,396.79333333333324,-14.238,2.1200000000000045,False,False
497,2022-01-28 04:00:00,389.8,395.7,384.7,385.2,45693.656,369.94999999999993,369.52,366.05666666666673,366.07000000000005,382.38,395.32499999999993,-12.430000000000064,0.42999999999995,False,False
498,2022-01-28 08:00:00,385.2,387.4,379.4,381.1,42004.699,369.84,370.585,366.71333333333337,365.5625000000001,380.83600000000007,393.93999999999994,-10.996000000000095,-0.7450000000000045,False,True
499,2022-01-28 12:00:00,381.1,384.3,375.9,383.1,30593.941,369.56,371.5199999999999,366.74000000000007,364.7100000000001,379.18200000000013,392.58833333333337,-9.622000000000128,-1.9599999999999227,False,False
