,timestamp,open,high,low,close,volume,10,20,30,40,50,close-50,10-20,Buy,Sell
0,2021-11-06 08:00:00,60846.41,61400.0,60149.63,60378.91,1743.02545,,,,,,,,False,False
1,2021-11-06 12:00:00,60378.59,60800.0,60111.0,60696.66,1441.03692,,,,,,,,False,False
2,2021-11-06 16:00:00,60696.67,61225.74,60474.99,61219.25,983.14184,,,,,,,,False,False
3,2021-11-06 20:00:00,61219.25,61537.73,61144.45,61518.88,794.21562,,,,,,,,False,False
4,2021-11-07 00:00:00,61518.88,62348.0,61371.32,62179.86,1573.24576,,,,,,,,False,False
5,2021-11-07 04:00:00,62179.87,62320.0,61755.49,61802.02,643.53178,,,,,,,,False,False
6,2021-11-07 08:00:00,61802.03,62400.0,61535.0,61947.5,1271.64711,,,,,,,,False,False
7,2021-11-07 12:00:00,61947.51,62179.99,61750.0,61987.8,1053.55132,,,,,,,,False,False
8,2021-11-07 16:00:00,61987.76,62546.49,61982.02,62320.08,1277.49849,,,,,,,,False,False
9,2021-11-07 20:00:00,62320.08,63333.0,62220.0,63327.14,1363.12917,,,,,,,,False,False
10,2021-11-08 00:00:00,63321.69,65689.15,63321.69,65247.23,3499.80977,61249.39,,,,,,,False,False
11,2021-11-08 04:00:00,65244.0,66400.0,65108.84,65991.43,2133.89749,61566.596,,,,,,,False,False
12,2021-11-08 08:00:00,65996.09,66466.66,65659.63,66069.99,1974.98742,62066.37999999999,,,,,,,False,False
13,2021-11-08 12:00:00,66070.0,66524.2,65211.09,66410.37,2266.84223,62584.844000000005,,,,,,,False,False
14,2021-11-08 16:00:00,66417.55,66569.0,65782.27,65852.7,1521.86739,62991.507999999994,,,,,,,False,False
15,2021-11-08 20:00:00,65852.71,67837.21,65602.0,67570.19,2599.074893,63432.603,,,,,,,False,False
16,2021-11-09 00:00:00,67571.12,68590.7,67123.0,68528.0,2687.342574,63817.25399999999,,,,,,,False,False
17,2021-11-09 04:00:00,68528.01,68549.63,67677.64,67901.63,1851.42874,64376.054000000004,,,,,,,False,False
18,2021-11-09 08:00:00,67899.66,68277.77,67350.0,67632.41,1957.05774,64968.81800000001,,,,,,,False,False
19,2021-11-09 12:00:00,67632.41,68117.56,66500.0,66798.57,2792.56908,65505.616,,,,,,,False,False
20,2021-11-09 16:00:00,66795.3,67308.4,66256.0,66798.93,1524.00053,65933.61600000001,63591.50299999999,,,,,2342.1130000000194,False,False
21,2021-11-09 20:00:00,66798.93,67803.34,66672.89,66958.39,1245.6022,66227.04699999999,63896.8215,,,,,2330.225499999993,False,False
22,2021-11-10 00:00:00,66958.39,67374.89,66370.0,66491.44,1297.36074,66383.452,64224.91599999999,,,,,2158.5360000000146,False,False
23,2021-11-10 04:00:00,66496.52,66751.99,66250.0,66438.98,1223.40488,66454.489,64519.66649999999,,,,,1934.8225000000093,False,False
24,2021-11-10 08:00:00,66438.97,67098.34,66368.0,66546.53,1308.5588,66558.38,64774.943999999996,,,,,1783.4360000000088,False,False
25,2021-11-10 12:00:00,66546.53,69020.0,65962.57,68357.31,3575.252958,66616.95300000001,65024.778000000006,,,,,1592.175000000003,False,False
26,2021-11-10 16:00:00,68357.33,68779.39,66560.0,66656.49,2336.2543,66653.01000000001,65235.132,,,,,1417.8780000000115,False,False
27,2021-11-10 20:00:00,66656.7,67040.73,62957.17,64911.66,5801.56645,66596.71,65486.382000000005,,,,,1110.3280000000013,False,False
28,2021-11-11 00:00:00,64911.65,65083.84,64132.23,64768.0,1926.68458,66124.663,65546.7405,,,,,577.9225000000006,False,False
29,2021-11-11 04:00:00,64767.96,65408.0,64404.02,65255.36,1217.19875,65802.886,65654.251,,,,,148.63499999999476,False,False
30,2021-11-11 08:00:00,65255.37,65611.53,64591.29,65282.46,2118.78763,65593.288,65763.452,64258.764666666655,,,,-170.1640000000043,False,True
31,2021-11-11 12:00:00,65282.46,65500.0,64440.74,64830.63,2429.01301,65426.817,65826.932,64406.81999999999,,,,-400.11499999999796,False,False
32,2021-11-11 16:00:00,64830.64,65266.01,64616.67,65146.35,1268.47133,65203.602,65793.527,64551.14466666666,,,,-589.9250000000029,False,False
33,2021-11-11 20:00:00,65146.35,65329.55,64770.0,64816.53,954.84304,65028.26900000001,65741.379,64689.20066666666,,,,-713.1099999999933,False,False
34,2021-11-12 00:00:00,64816.53,65466.66,64085.0,64845.97,1476.21312,64880.26899999999,65719.3245,64810.052333333326,,,,-839.0555000000095,False,False
35,2021-11-12 04:00:00,64845.97,65091.53,64233.94,64495.99,1040.57674,64651.969,65634.461,64900.50833333333,,,,-982.4919999999984,False,False
36,2021-11-12 08:00:00,64496.0,64960.99,63500.0,63748.04,2668.24737,64479.105999999985,65566.058,64983.12333333332,,,,-1086.9520000000193,False,False
37,2021-11-12 12:00:00,63752.0,64203.68,62866.29,63170.15,2582.63515,64173.10600000001,65384.90800000001,65048.62333333333,,,,-1211.8020000000033,False,False
38,2021-11-12 16:00:00,63170.15,64102.56,62300.0,63861.51,2464.59636,64164.018000000004,65144.340500000006,65085.833,,,,-980.322500000002,False,False
39,2021-11-12 20:00:00,63861.51,64509.78,63737.11,64139.28,1030.84625,63980.795,64891.840500000006,65096.43233333333,,,,-911.0455000000075,False,False
40,2021-11-13 00:00:00,64140.76,64453.21,63603.1,63778.13,851.66065,63914.10399999999,64753.69600000001,65147.00266666667,64172.59949999999,,,-839.5920000000187,False,False
41,2021-11-13 04:00:00,63778.13,64131.0,63515.01,64029.09,627.39777,63815.284999999996,64621.051000000014,65156.383,64258.93624999999,,,-805.7660000000178,False,False
42,2021-11-13 08:00:00,64029.09,64085.42,63380.84,63561.73,840.8299,63722.712,64463.15700000002,65103.25533333334,64344.03649999999,,,-740.4450000000215,False,False
43,2021-11-13 12:00:00,63565.74,64822.23,63442.84,64699.98,1650.6551,63599.12899999999,64313.69900000002,65027.29566666668,64416.68274999999,,,-714.5700000000288,False,False
44,2021-11-13 16:00:00,64699.98,64988.32,63840.0,63936.93,1207.32118,63466.412999999986,64173.341,64968.354000000014,64474.14249999998,,,-706.9280000000144,False,False
45,2021-11-13 20:00:00,63936.94,64558.93,63936.94,64389.0,603.32922,63441.913,64046.941000000006,64903.61166666668,64535.859499999984,,,-605.0280000000057,False,False
46,2021-11-14 00:00:00,64389.0,65320.0,64388.99,64650.44,947.6046,63412.21299999999,63945.659499999994,64848.109666666685,64590.39574999998,,,-533.4465000000055,False,False
47,2021-11-14 04:00:00,64650.44,65156.11,64481.14,64638.35,916.2526,63501.11199999999,63837.109,64756.97600000002,64661.7455,,,-335.9970000000103,False,False
48,2021-11-14 08:00:00,64638.36,64805.32,64073.72,64459.69,981.65561,63662.59700000001,63913.307499999995,64650.42600000001,64730.024,,,-250.7104999999865,False,False
49,2021-11-14 12:00:00,64459.69,64808.16,64008.88,64089.33,1353.13012,63839.969,63910.38199999998,64541.216666666674,64782.3165,,,-70.41299999998591,False,False
50,2021-11-14 16:00:00,64089.29,64436.37,63592.14,64181.79,1435.43814,63867.14600000001,63890.62499999998,64458.17933333334,64827.03850000001,64111.50879999999,70.28120000001218,-23.478999999970256,False,False
51,2021-11-14 20:00:00,64181.79,65530.56,64064.0,65527.47,1489.39916,63866.05,63840.66749999998,64369.384,64833.79975000002,64180.359,1347.1110000000044,25.382500000021537,False,False
52,2021-11-15 00:00:00,65528.12,66230.14,65528.12,65732.3,1601.90492,63920.949,63821.8305,64282.421,64807.67875000002,64259.418999999994,1472.8810000000085,99.11850000000413,False,False
53,2021-11-15 04:00:00,65734.72,65926.81,65520.19,65596.98,796.65731,64135.677,63867.40299999999,64254.358333333344,64804.391000000025,64360.4816,1236.4983999999968,268.27400000001217,False,False
54,2021-11-15 08:00:00,65596.99,66346.0,65290.0,65743.99,1286.94898,64343.41200000001,63904.91249999999,64230.031333333325,64812.11850000002,64447.996399999996,1295.9936000000089,438.4995000000199,False,False
55,2021-11-15 12:00:00,65744.0,65946.09,64252.77,64301.67,1986.02068,64488.412,63965.1625,64194.09799999999,64799.811750000015,64526.37,-224.70000000000437,523.2494999999981,False,False
56,2021-11-15 16:00:00,64301.67,64445.61,63634.24,64271.44,1834.6624,64519.994999999995,63966.10399999999,64137.10466666666,64766.08100000002,64576.315599999994,-304.8755999999921,553.8910000000033,False,False
57,2021-11-15 20:00:00,64271.44,64271.44,63398.31,63615.74,1370.13666,64444.52,63972.81599999999,64039.57933333332,64678.86200000002,64618.30040000001,-1002.5604000000094,471.7040000000052,False,False
58,2021-11-16 00:00:00,63615.75,63618.92,60454.0,60949.57,4729.02539,64336.23700000001,63999.417,64054.28399999999,64571.87875000001,64651.26660000001,-3701.69660000001,336.820000000007,False,False
59,2021-11-16 04:00:00,60949.58,61552.97,60323.27,60823.32,3035.17752,63974.26499999999,63907.117000000006,63931.67633333332,64399.47875000001,64620.70620000001,-3797.386200000008,67.1479999999865,False,False
60,2021-11-16 08:00:00,60823.31,61300.0,58610.0,60610.27,5220.99545,63605.704000000005,63736.42500000001,63795.65133333332,64245.06050000001,64582.77160000002,-3972.501600000025,-130.721000000005,False,True
61,2021-11-16 12:00:00,60610.27,61429.79,60060.0,60704.01,2894.69946,63107.490000000005,63486.770000000004,63596.274999999994,64053.91050000001,64488.53780000002,-3784.527800000018,-379.27999999999884,False,False
62,2021-11-16 16:00:00,60704.01,60946.56,59790.0,60230.6,1895.06745,62707.090000000004,63314.01950000001,63450.25033333334,63888.588250000015,64387.56100000002,-4156.961000000025,-606.9295000000056,False,False
63,2021-11-16 20:00:00,60228.47,61157.94,59127.0,60088.0,2054.4712,62133.278000000006,63134.4775,63289.36133333333,63724.08825000001,64270.168400000024,-4182.168400000024,-1001.1994999999952,False,False
64,2021-11-17 00:00:00,60092.23,60443.77,58585.85,59060.69,2733.04817,61493.958999999995,62918.68550000001,63101.26133333333,63546.013249999996,64148.48660000002,-5087.796600000016,-1424.7265000000116,False,False
65,2021-11-17 04:00:00,59060.69,60162.41,58624.27,59721.61,1775.49684,60823.54400000001,62655.978,62917.95633333334,63351.4595,64004.55820000002,-4282.948200000021,-1832.4339999999938,False,False
66,2021-11-17 08:00:00,59721.6,60886.91,58370.13,60786.18,2966.18665,60260.693999999996,62390.34450000001,62730.967333333334,63168.00199999999,63865.003600000025,-3078.823600000025,-2129.6505000000107,False,False
67,2021-11-17 12:00:00,60786.19,60839.79,59366.76,59697.75,1627.17671,59734.282999999996,62089.4015,62559.971666666665,62963.25524999999,63689.94620000002,-3992.1962000000203,-2355.118500000004,False,False
68,2021-11-17 16:00:00,59697.74,60693.42,59450.2,60245.96,1607.23198,59331.128000000004,61833.68250000001,62443.320666666674,62873.494999999995,63523.7286,-3277.768600000003,-2502.5545000000056,False,False
69,2021-11-17 20:00:00,60245.95,60645.94,59674.91,60371.86,1127.41829,59230.748,61602.50649999998,62348.327333333335,62756.444249999986,63365.73260000001,-2993.8726000000097,-2371.7584999999817,False,False
70,2021-11-18 00:00:00,60368.85,60972.22,59875.0,59875.0,1756.55113,59165.912,61385.808,62212.92066666667,62638.216499999995,63229.23080000001,-3354.230800000012,-2219.8960000000006,False,False
71,2021-11-18 04:00:00,59875.01,60107.84,59536.76,59765.58,1314.59487,59292.412,61199.951,62088.65066666667,62520.30924999999,63101.61080000001,-3336.0308000000077,-1907.5390000000043,False,False
72,2021-11-18 08:00:00,59768.08,59992.1,59011.0,59239.41,1875.74285,59240.088,60973.589,61956.04233333333,62397.709749999995,62958.888200000016,-3719.4782000000123,-1733.5009999999966,False,False
73,2021-11-18 12:00:00,59239.41,59944.76,57700.0,58127.99,4204.27858,59162.188,60647.73299999999,61810.381,62257.56799999999,62811.7082,-4683.718200000003,-1485.544999999991,False,False
74,2021-11-18 16:00:00,58127.99,58526.44,56613.01,57957.13,4083.36603,59019.488,60256.7235,61618.953,62080.81799999999,62640.708199999994,-4683.578199999996,-1237.2355000000025,False,False
75,2021-11-18 20:00:00,57957.13,58499.0,56520.0,56917.36,2124.57301,58822.204000000005,59822.87400000001,61378.05333333333,61894.01825,62445.60839999999,-5528.2483999999895,-1000.6700000000055,False,False
76,2021-11-19 00:00:00,56926.63,57535.95,55624.03,55921.64,2782.09382,58611.777,59436.235499999995,61130.822,61701.16974999999,62256.75699999998,-6335.116999999984,-824.4584999999934,False,False
77,2021-11-19 04:00:00,55921.65,56518.43,55844.58,56028.19,1299.926,58337.167,59035.725,60838.65666666666,61504.27049999997,62038.03759999998,-6009.847599999979,-698.5579999999973,False,False
78,2021-11-19 08:00:00,56025.05,57502.02,56019.25,57015.0,1862.22051,57984.949,58658.03850000001,60550.77133333334,61328.727749999984,61895.78579999999,-4880.785799999991,-673.0895000000091,False,False
79,2021-11-19 12:00:00,57015.0,58211.0,56744.88,57942.47,2454.93467,57641.85400000001,58436.301,60282.28899999999,61171.708999999995,61733.526199999986,-3791.0561999999845,-794.4469999999928,False,False
80,2021-11-19 16:00:00,57935.88,58373.09,57729.35,58093.64,1676.00644,57348.851,58257.381499999996,60040.155666666666,60996.90324999999,61580.34339999998,-3486.703399999984,-908.5304999999935,False,False
81,2021-11-19 20:00:00,58093.63,58186.56,57584.88,58099.99,1006.07598,57134.28600000001,58213.349,59844.72933333334,60850.059499999996,61443.104599999984,-3343.1145999999862,-1079.0629999999946,False,False
82,2021-11-20 00:00:00,58100.0,59019.98,57997.81,58564.98,1459.52211,56939.098,58089.59299999999,59628.75866666667,60701.80625,61305.98739999998,-2741.0073999999804,-1150.4949999999953,False,False
83,2021-11-20 04:00:00,58564.98,58856.0,58300.0,58426.47,839.66562,56837.779,57999.983499999995,59377.74833333333,60567.23049999999,61173.61019999999,-2747.140199999987,-1162.2044999999925,False,False
84,2021-11-20 08:00:00,58426.47,58789.37,58368.89,58672.57,786.98569,56897.779,57958.633499999996,59137.075333333334,60438.659499999994,61044.21019999999,-2371.640199999987,-1060.854499999994,False,False
85,2021-11-20 12:00:00,58673.73,58856.99,57550.0,57643.45,1523.40408,57073.36699999999,57947.7855,58906.37166666667,60301.88175,60929.888,-3286.438000000002,-874.418500000007,False,False
86,2021-11-20 16:00:00,57643.29,59661.04,57405.0,59471.58,2276.38565,57176.36699999999,57894.072,58682.945999999996,60142.20825,60796.20919999999,-1324.6291999999885,-717.705000000009,False,False
87,2021-11-20 20:00:00,59471.58,59880.1,59352.56,59743.28,954.42265,57354.464,57845.815500000004,58475.30466666666,59967.60850000001,60674.30919999998,-931.0291999999827,-491.3515000000043,False,False
88,2021-11-21 00:00:00,59743.29,59799.39,58585.31,58713.0,1292.01647,57705.26200000001,57845.10549999999,58340.44633333334,59839.39400000001,60604.03459999999,-1891.0345999999918,-139.84349999998085,False,False
89,2021-11-21 04:00:00,58713.0,59258.8,58600.0,59024.88,904.09123,57961.867999999995,57801.861,58278.15666666666,59702.18374999999,60529.7408,-1504.8608000000022,160.0069999999978,False,False
90,2021-11-21 08:00:00,59024.89,59400.0,58530.17,58733.04,1486.1845,58147.380000000005,57748.1155,58220.71433333333,59566.961749999995,60426.99859999999,-1693.9585999999908,399.2645000000048,False,False
91,2021-11-21 12:00:00,58729.24,59333.0,58693.32,59252.14,1320.46604,58227.462,57680.873999999996,58218.05333333333,59440.4125,60325.54,-1073.4000000000015,546.5880000000034,False,False
92,2021-11-21 16:00:00,59252.15,60074.03,59172.23,59360.53,1534.19434,58338.306,57638.702000000005,58172.49733333333,59306.1455,60229.1062,-868.5762000000032,699.6039999999921,False,False
93,2021-11-21 20:00:00,59360.53,59729.0,58571.42,58677.1,1058.63784,58455.748,57646.7635,58151.905,59147.24824999999,60144.933999999994,-1467.8339999999953,808.9844999999987,False,False
94,2021-11-22 00:00:00,58677.31,58796.11,57050.0,57432.94,2507.07123,58482.89,57690.3345,58133.38566666666,58973.528999999995,60047.5056,-2614.5655999999944,792.5555000000022,False,False
95,2021-11-22 04:00:00,57437.81,57800.0,56825.15,57308.13,1510.10789,58351.001000000004,57712.183999999994,58082.19066666667,58767.529,59911.705599999994,-2603.5755999999965,638.81700000001,False,False
96,2021-11-22 08:00:00,57308.14,57870.21,57030.56,57226.83,1302.02268,58278.516,57727.4415,58022.219999999994,58581.83849999999,59769.46979999999,-2542.63979999999,551.0745000000024,False,False
97,2021-11-22 12:00:00,57226.82,59490.0,56648.43,58221.79,3895.13601,58241.072,57797.768000000004,57977.56766666667,58416.746499999994,59622.3012,-1400.5112000000008,443.30399999999645,False,False
98,2021-11-22 16:00:00,58229.91,58278.33,55827.51,56022.58,2689.6747,57970.659,57837.96050000001,57886.95666666666,58247.99950000001,59465.647000000004,-3443.0670000000027,132.69849999999133,False,False
99,2021-11-22 20:00:00,56022.58,56755.2,55590.0,56292.09,1778.59603,57694.879,57828.3735,57766.20033333333,58132.33725,59300.72279999998,-3008.632799999985,-133.4945000000007,False,True
100,2021-11-23 00:00:00,56292.08,57277.86,56025.97,56971.06,1308.27352,57393.879,57770.6295,57630.03666666666,58014.00549999999,59132.34519999999,-2161.285199999991,-376.7505000000019,False,False
101,2021-11-23 04:00:00,56971.07,57053.11,55847.0,56039.16,1502.53075,57143.458999999995,57685.46050000001,57501.73566666666,57949.40475,58981.021799999995,-2941.8617999999915,-542.001500000013,False,False
102,2021-11-23 08:00:00,56027.91,57724.71,55338.72,56150.85,3575.73138,56858.827000000005,57598.5665,57378.74366666666,57844.07975,58816.6818,-2665.8318,-739.739499999996,False,False
103,2021-11-23 12:00:00,56150.85,57747.25,56105.01,56893.3,2537.38045,56475.476,57465.612,57256.334333333325,57732.797750000005,58612.8938,-1719.593799999995,-990.1359999999986,False,False
104,2021-11-23 16:00:00,56893.64,57846.71,56893.64,57787.51,1820.16826,56228.835,57355.86250000001,57203.16799999999,57657.248,58424.5902,-637.0801999999967,-1127.027500000011,False,False
105,2021-11-23 20:00:00,57787.39,57857.14,57399.96,57557.9,1174.1396,56213.199,57282.09999999999,57212.52233333332,57614.94275,58256.66300000001,-698.7630000000063,-1068.9009999999907,False,False
106,2021-11-24 00:00:00,57557.9,57747.8,56168.0,56419.02,1625.93361,56270.67999999999,57274.598,57241.85433333333,57584.335,58119.606799999994,-1700.5867999999973,-1003.9180000000051,False,False
107,2021-11-24 04:00:00,56419.03,56812.64,56256.71,56529.25,1148.10864,56184.424,57212.748,57259.986666666664,57529.28175,57970.282,-1441.0319999999992,-1028.3240000000005,False,False
108,2021-11-24 08:00:00,56530.75,57420.0,56336.0,56634.11,1539.62999,56145.252,57057.9555,57273.72433333333,57451.53049999999,57827.45000000001,-1193.340000000011,-912.703499999996,False,False
109,2021-11-24 12:00:00,56634.12,57166.66,55896.57,56752.22,2278.46451,56196.101,56945.490000000005,57284.28266666666,57373.67549999999,57745.09,-992.8699999999953,-749.3890000000029,False,False
110,2021-11-24 16:00:00,56746.29,57119.34,56501.0,56843.47,1415.33752,56226.75800000001,56810.318499999994,57256.005666666664,57279.21699999998,57656.556,-813.0859999999957,-583.560499999985,False,False
111,2021-11-24 20:00:00,56843.46,57488.29,56750.0,57155.08,1710.52298,56274.26100000001,56708.86,57215.06066666667,57194.86699999999,57614.376,-459.2959999999948,-434.5989999999874,False,False
112,2021-11-25 00:00:00,57157.7,58324.26,57135.77,57770.33,1788.81826,56364.561,56611.693999999996,57187.23133333333,57125.19799999999,57548.176,222.15400000000227,-247.13299999999435,True,False
113,2021-11-25 04:00:00,57773.23,57854.3,57010.0,57680.88,1257.19224,56544.266,56509.871,57158.496666666666,57078.317249999986,57495.0914,185.78859999999986,34.395000000004075,False,False
114,2021-11-25 08:00:00,57680.94,58528.27,57385.0,58043.64,2069.86227,56634.765,56431.79999999999,57115.49666666667,57061.06725,57452.751399999994,590.8886000000057,202.96500000001106,False,False
115,2021-11-25 12:00:00,58043.64,59187.56,57947.03,59086.95,2501.96061,56683.901,56448.55,57082.70033333333,57080.36699999999,57428.734399999994,1658.2156000000032,235.3509999999951,False,False
116,2021-11-25 16:00:00,59086.96,59427.59,58733.83,58898.87,1738.67588,56738.60800000001,56504.64399999999,57095.93466666667,57116.042749999986,57415.18959999999,1483.680400000012,233.9640000000145,False,False
117,2021-11-25 20:00:00,58898.86,59355.5,58570.21,58999.99,992.17658,56995.191000000006,56589.807499999995,57140.22900000001,57193.787749999996,57422.463599999995,1577.5264000000025,405.3835000000108,False,False
118,2021-11-26 00:00:00,58999.99,59191.99,57907.8,57944.93,1769.99303,57226.541000000005,56685.896499999995,57114.15066666667,57261.9285,57406.53259999999,538.3974000000089,540.6445000000094,False,False
119,2021-11-26 04:00:00,57939.89,58051.66,56675.0,57006.21,1952.17351,57383.721000000005,56789.911,57091.56700000001,57309.14224999999,57375.68459999998,-369.47459999997955,593.810000000005,False,False
120,2021-11-26 08:00:00,56994.65,56994.65,53718.0,53757.18,7078.27261,57461.56400000001,56844.161,57027.40033333333,57307.39524999999,57315.68639999998,-3558.5063999999766,617.403000000013,False,False
121,2021-11-26 12:00:00,53757.18,54896.8,53511.0,54390.0,3905.87462,57183.264,56728.7625,56866.99466666667,57207.1115,57192.546399999985,-2802.5463999999847,454.50150000000576,False,False
122,2021-11-26 16:00:00,54383.83,54678.18,53973.4,54359.33,1606.83251,56859.364,56611.9625,56694.25066666667,57105.264500000005,57072.03119999998,-2712.7011999999813,247.40149999999994,False,False
123,2021-11-26 20:00:00,54359.34,54611.66,53550.0,53759.97,1460.55234,56543.127,56543.6965,56520.95633333333,57004.65425,56971.27919999998,-3211.3091999999815,-0.5694999999977881,False,True
124,2021-11-27 00:00:00,53756.29,54647.81,53644.88,54380.03,1321.82756,56197.127,56415.945999999996,56353.57566666666,56885.90425000001,56888.27919999999,-2508.249199999991,-218.81899999999587,False,False
125,2021-11-27 04:00:00,54380.04,54627.58,54238.16,54424.72,960.28917,55823.115000000005,56253.507999999994,56240.07166666666,56767.80399999999,56828.91659999998,-2404.196599999981,-430.3929999999891,False,False
126,2021-11-27 08:00:00,54424.72,55304.81,54336.5,54636.38,1723.79843,55452.228,56095.41799999999,56153.838666666656,56685.00800000001,56783.27979999999,-2146.899799999992,-643.1899999999878,False,False
127,2021-11-27 12:00:00,54640.58,55260.08,54533.19,54928.63,1089.06539,55012.49500000001,56003.84300000001,56064.03666666665,56608.29550000001,56757.52919999999,-1828.8991999999926,-991.3479999999981,False,False
128,2021-11-27 16:00:00,54931.41,55254.99,54700.0,54976.73,979.54636,54608.79299999999,55917.667,55993.52866666666,56487.81124999999,56731.3014,-1754.5713999999934,-1308.8740000000107,False,False
129,2021-11-27 20:00:00,54976.73,55093.16,54050.6,54762.33,1683.71285,54288.01300000001,55835.867000000006,55955.944999999985,56390.6785,56704.91639999999,-1942.5863999999856,-1547.853999999992,False,False
130,2021-11-28 00:00:00,54762.32,54853.0,53717.35,54169.99,1393.17034,54025.573,55743.568500000016,55904.63166666666,56276.943499999994,56651.03079999999,-2481.040799999995,-1717.995500000019,False,False
131,2021-11-28 04:00:00,54169.99,54665.37,53971.61,54557.98,935.69921,54025.507999999994,55604.38600000001,55827.67766666666,56156.623,56570.7908,-2012.8107999999993,-1578.8780000000188,False,False
132,2021-11-28 08:00:00,54553.52,54966.66,54180.45,54529.6,1172.21744,54071.568999999996,55465.4665,55765.164666666664,56038.580249999985,56498.5254,-1968.9254,-1393.8975000000064,False,False
133,2021-11-28 12:00:00,54529.6,54666.56,54075.54,54329.89,897.77067,54092.27399999999,55317.7005,55726.55566666667,55913.785749999995,56422.1782,-2092.2882000000027,-1225.4265000000087,False,False
134,2021-11-28 16:00:00,54329.89,54928.75,53310.0,54651.28,2206.16136,54144.827999999994,55170.9775,55658.90666666666,55801.38875,56337.68900000001,-1686.4090000000142,-1026.1495000000068,False,False
135,2021-11-28 20:00:00,54651.28,57471.01,54651.28,57317.97,2624.54118,54111.33999999999,54967.22749999999,55539.452000000005,55707.888750000006,56236.5112,1081.4588000000003,-855.8875000000044,True,False
136,2021-11-29 00:00:00,57317.12,58281.75,57181.48,57390.24,1625.59736,54152.652,54802.43999999999,55447.829333333335,55653.541999999994,56178.53680000001,1211.703199999989,-649.7879999999859,False,False
137,2021-11-29 04:00:00,57397.13,57728.11,57254.93,57553.34,822.88535,54437.15,54724.82250000001,55481.61200000001,55657.31499999999,56174.0664,1379.2735999999932,-287.67250000000786,False,False
138,2021-11-29 08:00:00,57553.35,57672.53,56728.28,56930.57,1375.57576,54709.324,54659.0585,55514.88600000001,55672.4775,56132.1138,798.4562000000005,50.26550000000134,False,False
139,2021-11-29 12:00:00,56930.57,57551.0,56880.0,57163.52,1439.11031,54912.15199999999,54600.082500000004,55527.962000000014,55694.996750000006,56094.9732,1068.5467999999964,312.06949999998324,False,False
140,2021-11-29 16:00:00,57163.53,58900.61,57050.02,57928.95,2382.95588,55195.09199999999,54610.3325,55560.74300000002,55727.24674999999,56060.57319999999,1868.3768000000055,584.7594999999928,False,False
141,2021-11-29 20:00:00,57929.99,58444.37,57720.0,57826.71,1102.80033,55528.359,54776.9335,55579.04366666668,55752.848,56030.970199999996,1795.739800000003,751.4254999999976,False,False
142,2021-11-30 00:00:00,57826.72,58014.12,56832.06,57144.71,1538.06524,55903.198,54987.383499999996,55611.377,55799.672999999995,56011.50379999999,1133.2062000000078,915.8145000000004,False,False
143,2021-11-30 04:00:00,57144.71,57327.15,55929.0,56550.12,1697.33308,56168.35900000001,55130.3165,55601.253333333334,55837.006499999996,55964.700399999994,585.4196000000084,1038.0425000000105,False,False
144,2021-11-30 08:00:00,56550.12,57759.05,56300.0,57648.9,2057.91546,56353.705,55249.266500000005,55565.22,55832.60625,55911.85199999999,1737.0480000000098,1104.4384999999966,False,False
145,2021-11-30 12:00:00,57647.18,59219.27,57276.61,57292.41,3363.39485,56652.705,55382.0225,55529.05333333333,55817.76525,55896.852,1395.5580000000045,1270.6825000000026,False,False
146,2021-11-30 16:00:00,57292.57,58400.7,56532.68,57669.33,3136.70998,56915.238,55533.94500000001,55506.706,55814.681500000006,55905.88119999999,1763.4488000000129,1381.2929999999906,False,False
147,2021-11-30 20:00:00,57669.33,57810.0,56790.13,56981.05,1389.10385,56850.35799999999,55643.754,55433.33433333334,55823.79850000001,55895.923599999995,1085.1264000000083,1206.603999999992,False,False
148,2021-12-01 00:00:00,56981.05,57711.31,56688.88,57403.73,1420.79032,56803.87799999999,55756.601,55373.99833333333,55837.134000000005,55898.7576,1504.972400000006,1047.2769999999873,False,False
149,2021-12-01 04:00:00,57403.73,57456.0,56724.3,57220.44,1282.0618,56799.93799999999,55856.044999999984,55333.367666666665,55845.956000000006,55915.985,1304.4550000000017,943.8930000000037,False,False
150,2021-12-01 08:00:00,57220.43,57859.97,56769.16,57198.69,1953.50216,56784.367999999995,55989.73,55335.01099999999,55866.64925,55938.67099999999,1260.0190000000148,794.6379999999917,False,False
151,2021-12-01 12:00:00,57198.69,58870.0,57052.08,58672.51,2503.82006,56756.28199999999,56142.320499999994,55436.71633333332,55873.35325000001,55953.534799999994,2718.975200000008,613.9614999999976,False,False
152,2021-12-01 16:00:00,58672.5,59100.0,57047.81,57463.21,2354.52059,56689.48999999999,56296.344000000005,55554.75233333333,55880.905249999996,55977.636399999996,1485.5736000000034,393.1459999999861,False,False
153,2021-12-01 20:00:00,57463.21,57492.78,56494.25,57212.27,1985.55414,56711.065,56439.712000000014,55657.23266666666,55878.70625,56011.818199999994,1200.4518000000025,271.35299999998824,False,False
154,2021-12-02 00:00:00,57212.27,57406.66,55830.0,56350.01,1987.13236,56767.590000000004,56560.64750000001,55755.37433333333,55865.8125,56019.602999999996,330.4070000000065,206.94249999999738,False,False
155,2021-12-02 04:00:00,56350.01,57000.0,56274.36,56858.8,1227.95078,56720.590000000004,56686.64750000001,55828.21166666666,55826.937499999985,55998.3302,860.4698000000062,33.94249999999738,False,False
156,2021-12-02 08:00:00,56858.8,57214.99,56100.0,56365.39,1470.3453,56620.365000000005,56767.801500000016,55896.085,55785.12074999999,55975.8182,389.5717999999979,-147.4365000000107,False,True
157,2021-12-02 12:00:00,56365.38,57404.91,56067.46,56543.8,2194.21924,56577.096999999994,56713.7275,55954.86833333333,55719.275,55974.4582,569.341800000002,-136.63050000000658,False,False
158,2021-12-02 16:00:00,56543.8,56997.29,56055.01,56650.06,1566.59974,56504.829999999994,56654.35400000001,56006.01066666667,55656.70625,55970.673200000005,679.386799999993,-149.52400000001217,False,False
159,2021-12-02 20:00:00,56661.2,57254.23,56389.61,56523.54,1189.07282,56441.44299999999,56620.690500000004,56051.17766666666,55610.3865,55965.0534,558.4866000000038,-179.24750000001222,False,False
160,2021-12-03 00:00:00,56523.37,56800.0,56120.0,56365.85,1040.85164,56407.974,56596.170999999995,56129.144666666674,55603.251749999996,55974.9142,390.9357999999993,-188.19699999999284,False,False
161,2021-12-03 04:00:00,56365.85,57067.22,56282.39,56780.18,1085.08597,56343.058000000005,56549.67,56209.23300000001,55663.30175,55967.2942,812.8858000000037,-206.6119999999937,False,False
162,2021-12-03 08:00:00,56780.19,57361.78,56479.64,57011.06,1385.5444,56266.089,56477.78949999999,56286.259000000005,55732.5865,55957.941999999995,1053.1180000000022,-211.70049999999173,False,False
163,2021-12-03 12:00:00,57011.05,57650.0,55783.0,56008.45,2476.13872,56209.272,56460.16849999999,56362.898666666675,55795.24250000001,55944.81939999999,63.63060000000405,-250.89649999999529,False,False
164,2021-12-03 16:00:00,56008.44,56008.44,53761.44,53853.66,3438.01528,56138.147,56452.8685,56419.814000000006,55851.067500000005,55920.27939999999,-2066.6193999999887,-314.72149999999965,False,False
165,2021-12-03 20:00:00,53853.65,54080.17,51681.0,53648.0,3686.02383,55931.291000000005,56325.940500000004,56434.862,55853.981499999994,55847.808199999985,-2199.808199999985,-394.64949999999953,False,False
166,2021-12-04 00:00:00,53646.14,53888.94,52038.62,52039.03,1724.5924,55471.955,56046.159999999996,56335.852666666666,55790.052500000005,55722.487599999986,-3683.457599999987,-574.2049999999945,False,False
167,2021-12-04 04:00:00,52043.6,52636.82,42620.24,47303.41,12449.08583,55065.817,55821.45700000001,56164.424,55732.605500000005,55588.583399999996,-8285.173399999992,-755.6400000000067,False,False
168,2021-12-04 08:00:00,47307.39,47970.0,46190.1,46560.01,4047.04499,53721.09500000001,55112.9625,55676.601,55434.78175000001,55269.584,-8709.574,-1391.867499999993,False,False
169,2021-12-04 12:00:00,46560.01,48605.62,46560.01,48263.25,3850.81584,52734.60400000001,54588.023499999996,55325.32833333334,55222.034250000004,55035.23000000001,-6771.9800000000105,-1853.419499999989,False,False
170,2021-12-04 16:00:00,48263.01,49499.99,47807.28,49310.75,2488.01224,51751.64399999999,54079.808999999994,54981.32866666666,55034.76950000001,54832.9302,-5522.1802000000025,-2328.165000000001,False,False
171,2021-12-04 20:00:00,49310.08,49541.14,48550.0,49201.95,1874.82795,50920.371999999996,53631.715000000004,54673.23733333333,54887.017749999985,54714.7158,-5512.765800000001,-2711.343000000008,False,False
172,2021-12-05 00:00:00,49203.65,49763.02,48385.83,49234.52,2288.08489,50147.132999999994,53206.611,54367.57066666666,54751.4775,54615.495800000004,-5380.975800000007,-3059.478000000003,False,False
173,2021-12-05 04:00:00,49233.85,49730.17,48893.7,49361.22,1600.90556,49337.75199999999,52773.512,54086.02966666667,54606.61200000001,54503.7444,-5142.524400000002,-3435.7600000000093,False,False
174,2021-12-05 08:00:00,49360.4,49639.33,48817.53,49312.39,1600.97118,48648.822,52393.48449999999,53851.51966666667,54477.06600000001,54410.61840000001,-5098.228400000007,-3744.6624999999913,False,False
175,2021-12-05 12:00:00,49312.39,49749.31,47811.0,48017.21,3085.54776,48154.431000000004,52042.861,53602.104000000014,54364.75425000001,54314.07139999999,-6296.861399999994,-3888.429999999993,False,False
176,2021-12-05 16:00:00,48015.39,49398.0,47960.61,48955.07,2419.08474,47767.431000000004,51619.693,53286.58366666667,54193.74725,54185.5282,-5230.458200000001,-3852.261999999995,False,False
177,2021-12-05 20:00:00,48955.07,49574.78,48558.52,49446.72,1475.29134,47359.630000000005,51212.7235,53000.84800000001,53963.2255,54058.0104,-4611.290399999998,-3853.0934999999954,False,False
178,2021-12-06 00:00:00,49450.95,49494.3,48338.97,49082.42,1759.26612,47953.458000000006,50837.2765,52726.46100000001,53745.81525000001,53938.517,-4856.097000000002,-2883.818499999994,False,False
179,2021-12-06 04:00:00,49082.41,49313.86,47800.54,48467.19,2103.95442,48168.344999999994,50451.4745,52448.13066666667,53536.082500000004,53811.2964,-5344.106399999997,-2283.1295000000027,False,False
180,2021-12-06 08:00:00,48467.19,49481.33,47110.26,48622.71,4836.54414,48292.397999999994,50022.02099999999,52150.672000000006,53309.096,53686.29520000001,-5063.585200000009,-1729.6229999999996,False,False
181,2021-12-06 12:00:00,48622.7,48997.07,47873.53,48977.13,2788.66693,48222.696,49571.534,51828.70866666667,53060.602,53554.15339999999,-4577.023399999991,-1348.837999999996,False,False
182,2021-12-06 16:00:00,48981.12,49400.63,48708.46,49143.8,2028.51338,48155.049,49151.091,51522.757000000005,52814.44025,53432.1918,-4288.391799999998,-996.0420000000013,False,False
183,2021-12-06 20:00:00,49145.59,50945.26,48816.32,50500.01,2440.82024,48187.31199999999,48762.532,51244.77866666667,52611.35025,53322.752,-2822.7419999999984,-575.2200000000084,False,False
184,2021-12-07 00:00:00,50500.0,51483.91,50397.83,51004.57,1939.55344,48179.574,48414.198,50988.84766666666,52433.53325,53217.567599999995,-2212.997599999995,-234.62399999999616,False,False
185,2021-12-07 04:00:00,51003.67,51390.0,50856.84,50964.71,1476.89452,48337.60400000001,48246.0175,50807.77533333334,52285.979000000014,53159.3242,-2194.6142000000036,91.58650000000489,False,False
186,2021-12-07 08:00:00,50964.7,51593.89,50875.27,51516.43,1664.28519,48642.18800000001,48204.809499999996,50627.19133333334,52125.48475000002,53083.43539999999,-1567.0053999999873,437.37850000001345,False,False
187,2021-12-07 12:00:00,51516.43,51984.79,50700.04,51781.83,2644.39832,48933.654,48146.642,50453.03366666668,51984.049500000016,52957.31119999999,-1175.4811999999874,787.0120000000024,False,False
188,2021-12-07 16:00:00,51781.84,51911.57,50720.0,50932.74,1678.35528,49147.806,48550.632,50274.11966666668,51831.79725000002,52826.2134,-1893.4734000000026,597.1739999999991,False,False
189,2021-12-07 20:00:00,50932.74,51050.74,50030.58,50634.01,2070.91326,49385.909,48777.12699999999,50096.28600000001,51682.57525000001,52706.04779999999,-2072.037799999991,608.7820000000065,False,False
190,2021-12-08 00:00:00,50631.61,50833.15,50150.0,50160.0,1190.77215,49608.913,48950.655499999986,49884.31833333334,51515.232250000015,52569.059399999984,-2409.0593999999837,658.2575000000143,False,False
191,2021-12-08 04:00:00,50153.37,50745.4,50120.48,50529.99,1108.43973,49912.887,49067.79149999999,49685.31833333334,51349.753250000016,52431.058999999994,-1901.0689999999959,845.0955000000104,False,False
192,2021-12-08 08:00:00,50529.91,50724.61,48880.0,49230.15,2463.65569,50137.581999999995,49146.31549999999,49479.92133333334,51176.463250000015,52279.06859999999,-3048.91859999999,991.2665000000052,False,False
193,2021-12-08 12:00:00,49235.01,51242.37,48644.59,50692.95,3214.46473,50154.736,49171.02399999999,49226.600000000006,50972.26800000001,52120.0274,-1427.077400000002,983.7120000000068,False,False
194,2021-12-08 16:00:00,50692.95,50900.0,50113.21,50475.3,1391.27135,50137.563,49158.568499999994,48988.653000000006,50776.02650000001,51974.3392,-1499.0391999999993,978.994500000008,False,False
195,2021-12-08 20:00:00,50475.3,50898.3,50137.75,50512.87,1119.43784,50109.100999999995,49223.3525,48867.045333333335,50633.10675000001,51850.60340000001,-1337.7334000000046,885.7484999999942,False,False
196,2021-12-09 00:00:00,50513.55,50840.0,49474.78,49562.53,1361.55209,50037.191999999995,49339.69,48815.60366666667,50479.69150000001,51707.82620000001,-2145.2962000000116,697.5019999999931,False,False
197,2021-12-09 04:00:00,49562.98,50370.82,49239.83,50055.89,1395.44747,49897.143,49415.398499999996,48730.14233333334,50314.06100000001,51566.6682,-1510.7782000000007,481.7445000000007,False,False
198,2021-12-09 08:00:00,50055.85,50055.85,48930.61,49206.06,1959.8821,49751.122,49449.46399999999,48950.795333333335,50143.370250000014,51415.662200000006,-2209.6022000000085,301.65800000001036,False,False
199,2021-12-09 12:00:00,49206.05,49669.45,48117.27,48493.91,2511.60454,49572.183000000005,49479.045999999995,49042.14566666667,49965.260250000014,51260.49679999999,-2766.58679999999,93.13700000000972,False,False
200,2021-12-09 16:00:00,48496.82,48873.44,47535.89,47640.48,2276.17519,49380.852000000006,49494.88249999999,49094.05433333334,49758.451750000015,51088.3562,-3447.876199999999,-114.0304999999862,False,True
201,2021-12-09 20:00:00,47642.87,48480.0,47334.87,47569.26,2077.23768,49119.441000000006,49516.164,49085.008,49543.84900000001,50903.69080000001,-3334.430800000009,-396.72299999999086,False,False
202,2021-12-10 00:00:00,47566.83,48794.74,47460.07,48389.08,1693.23727,48840.88,49489.23099999999,49044.50366666667,49320.16100000001,50709.34660000001,-2320.26660000001,-648.3509999999951,False,False
203,2021-12-10 04:00:00,48389.07,48588.78,47583.28,47701.38,1468.76523,48698.887,49426.811499999996,49013.645000000004,49094.671750000016,50517.59180000001,-2816.211800000012,-727.9244999999937,False,False
204,2021-12-10 08:00:00,47701.38,48739.44,47644.68,48720.81,1669.26674,48592.75600000001,49365.159499999994,48969.96433333334,48889.67875000001,50339.3724,-1618.5624000000025,-772.4034999999858,False,False
205,2021-12-10 12:00:00,48720.82,50128.03,47779.81,47999.99,3727.87646,48345.903,49227.502,48930.86933333334,48736.75975000001,50175.666000000005,-2175.6760000000068,-881.599000000002,False,False
206,2021-12-10 16:00:00,47999.99,48329.73,47270.07,48123.19,2533.00902,48110.109,49073.6505,48929.82966666668,48639.23000000001,50005.77500000001,-1882.5850000000064,-963.5415000000066,False,False
207,2021-12-10 20:00:00,48120.02,48539.99,46860.0,47166.63,1607.82728,47889.63799999999,48893.390499999994,48906.81166666667,48520.01625000001,49829.176400000004,-2662.5464000000065,-1003.7525000000023,False,False
208,2021-12-11 00:00:00,47166.62,48688.74,46770.0,48319.34,1867.39651,47651.655,48701.38850000001,48850.19433333333,48626.01025000001,49645.027200000004,-1325.6872000000076,-1049.7335000000094,False,False
209,2021-12-11 04:00:00,48321.48,48900.0,47800.0,48050.05,1410.90732,47435.594,48503.888499999994,48797.895333333334,48640.507750000004,49459.327000000005,-1409.2770000000019,-1068.2944999999963,False,False
210,2021-12-11 08:00:00,48050.0,48907.4,47883.26,48267.87,1461.60617,47403.867,48392.359500000006,48797.87733333334,48671.50750000001,49287.5348,-1019.6647999999986,-988.4925000000076,False,False
211,2021-12-11 12:00:00,48268.07,48955.0,48192.05,48770.98,1397.48525,47438.604,48279.02250000001,48823.644,48673.40700000001,49122.80000000001,-351.820000000007,-840.418500000007,False,False
212,2021-12-11 16:00:00,48770.98,49299.47,48408.8,48430.0,1415.71549,47524.322,48182.60100000001,48834.26133333333,48664.45825000001,48960.993200000004,-530.9932000000044,-658.2790000000095,False,False
213,2021-12-11 20:00:00,48432.27,49500.0,48408.2,49422.38,1148.72349,47619.19499999999,48159.04100000001,48824.27266666667,48665.03250000001,48799.5764,622.8035999999993,-539.8460000000196,True,False
214,2021-12-12 00:00:00,49422.39,49707.11,49055.41,49334.27,1066.75614,47701.687,48147.2215,48810.66866666667,48652.895000000004,48652.0804,682.1895999999979,-445.5345000000016,False,False
215,2021-12-12 04:00:00,49333.62,49387.99,48850.0,49337.27,875.95797,47842.759999999995,48094.3315,48765.92133333334,48658.84200000001,48557.959800000004,779.3101999999926,-251.57150000000547,False,False
216,2021-12-12 08:00:00,49335.34,49400.0,48648.81,49150.01,1035.5161,47949.779,48029.944,48699.026666666665,48684.81700000001,48501.3398,648.6702000000005,-80.16500000000087,False,False
217,2021-12-12 12:00:00,49150.01,49955.61,49132.98,49651.67,1735.71854,48087.653,47988.6455,48624.81133333334,48702.022000000004,48433.543600000005,1218.1263999999937,99.00749999999971,False,False
218,2021-12-12 16:00:00,49651.68,50800.0,49542.28,50247.92,2148.60215,48314.950999999994,47983.303,48572.576,48716.3835,48563.79840000001,1684.1215999999913,331.6479999999938,False,False
219,2021-12-12 20:00:00,50247.93,50571.41,49906.72,50080.09,1045.04263,48592.17899999999,48013.8865,48533.31866666666,48746.466250000005,48630.84200000001,1449.247999999985,578.2924999999886,False,False
220,2021-12-13 00:00:00,50080.19,50211.41,48500.0,48908.41,2388.7071,48802.85099999999,48103.359,48529.189999999995,48799.12075,48697.77620000001,210.63379999999597,699.4919999999911,False,False
221,2021-12-13 04:00:00,48908.41,49370.0,48619.56,48769.52,1239.36756,48864.525,48151.5645,48474.189999999995,48833.86425,48711.630600000004,57.88939999999275,712.960500000001,False,False
222,2021-12-13 08:00:00,48769.99,49200.0,48144.59,48874.14,1295.97095,48907.276,48215.799,48424.159333333344,48852.515,48713.02180000001,161.11819999998988,691.476999999999,False,False
223,2021-12-13 12:00:00,48874.13,49031.0,47034.31,47265.64,2709.89584,48880.855,48250.024999999994,48399.64566666668,48838.41825,48708.197,-1442.5570000000007,630.830000000009,False,False
224,2021-12-13 16:00:00,47265.65,47988.0,45675.93,46747.22,4263.09739,48743.466,48222.5765,48345.96966666668,48793.868,48671.00920000001,-1923.7892000000065,520.8894999999975,False,False
225,2021-12-13 20:00:00,46747.22,47345.7,46253.1,46723.7,2343.8192,48405.518000000004,48124.138999999996,48198.060333333335,48675.82050000001,48608.17720000001,-1884.4772000000157,281.3790000000081,False,False
226,2021-12-14 00:00:00,46721.36,47235.81,46310.91,46967.97,1452.9269,48145.827999999994,48047.8035,48068.57200000001,48560.727000000006,48577.01920000002,-1609.0492000000158,98.02449999999226,False,False
227,2021-12-14 04:00:00,46967.97,47187.45,46339.92,47016.91,1304.70099,47912.038,47999.8455,47963.10966666667,48446.618,48544.02520000001,-1527.1152000000075,-87.80750000000262,False,True
228,2021-12-14 08:00:00,47016.91,47777.0,46813.42,47627.65,1820.07197,47632.73199999999,47973.841499999995,47866.446,48337.615000000005,48499.6532,-872.0031999999992,-341.10950000000594,False,False
229,2021-12-14 12:00:00,47627.9,47974.0,46631.06,46865.63,2282.77509,47359.846,47976.0125,47795.873,48239.95049999999,48469.14220000001,-1603.512200000012,-616.1664999999994,False,False
230,2021-12-14 16:00:00,46865.64,47157.35,46456.42,46876.52,1847.32271,47032.28,47917.56549999999,47746.33266666667,48154.9625,48445.75260000001,-1569.2326000000103,-885.2854999999909,False,False
231,2021-12-14 20:00:00,46876.52,48679.93,46862.32,48365.91,2569.13635,46827.922,47846.22350000001,47710.350333333336,48062.623,48432.67580000001,-66.76580000000831,-1018.3015000000087,False,False
232,2021-12-15 00:00:00,48364.06,48796.79,47857.15,48276.35,1032.66133,46652.198,47779.737,47694.59866666666,47981.16900000001,48412.45159999999,-136.1015999999945,-1127.5390000000043,False,False
233,2021-12-15 04:00:00,48276.35,48444.44,47938.9,48224.55,980.71274,46623.454,47752.15450000001,47707.834666666655,47955.59775,48395.4254,-170.87539999999717,-1128.7005000000136,False,False
234,2021-12-15 08:00:00,48225.16,48786.87,48100.0,48145.2,1378.75652,46713.913,47728.6895,47719.688666666654,47937.9555,48377.87699999999,-232.67699999999604,-1014.7764999999999,False,False
235,2021-12-15 12:00:00,48145.2,48308.67,46600.0,46656.83,2560.9142,46956.32,47680.91900000001,47734.86599999999,47887.62525,48331.9204,-1675.090400000001,-724.5990000000093,False,False
236,2021-12-15 16:00:00,46645.91,49269.44,46560.0,48687.3,4844.99238,46991.01,47568.41900000001,47695.539,47799.18149999999,48246.783599999995,440.5164000000077,-577.4090000000069,True,False
237,2021-12-15 20:00:00,48688.29,49500.0,48566.91,48883.91,3140.44359,47015.91900000001,47463.978500000005,47671.869999999995,47726.31199999999,48160.47819999999,723.431800000013,-448.05949999999575,False,False
238,2021-12-16 00:00:00,48882.77,49272.49,48723.16,48831.94,1135.0923,47238.618,47435.674999999996,47728.766999999985,47709.488999999994,48117.815599999994,714.1244000000079,-197.05699999999342,False,False
239,2021-12-16 04:00:00,48831.94,49045.81,48514.38,48731.75,892.81492,47429.592000000004,47394.719,47793.87233333332,47704.30274999999,48077.8788,653.8712000000014,34.87300000000687,False,False
240,2021-12-16 08:00:00,48731.9,49450.0,48626.59,49216.74,1311.78293,47617.924,47325.102,47817.684999999976,47714.23049999999,48047.554800000005,1169.1851999999926,292.8220000000001,False,False
241,2021-12-16 12:00:00,49217.22,49260.0,48273.3,48605.06,2445.05392,47834.941000000006,47331.4315,47842.46266666665,47741.49799999999,48017.0866,587.9733999999953,503.5095000000074,False,False
242,2021-12-16 16:00:00,48607.34,48717.06,47673.77,47880.87,1944.94691,47976.039,47314.118500000004,47845.170999999995,47764.95874999998,47980.143,-99.27299999999377,661.9204999999929,False,False
243,2021-12-16 20:00:00,47877.48,48400.0,47526.36,47639.42,1315.95881,47957.700999999994,47290.5775,47820.670000000006,47770.30124999998,47956.0184,-316.5984000000026,667.1234999999942,False,False
244,2021-12-17 00:00:00,47639.75,48007.03,47404.0,47772.78,829.52321,47916.447,47315.18000000001,47791.27533333333,47768.878249999994,47933.65379999999,-160.87379999999393,601.2669999999925,False,False
245,2021-12-17 04:00:00,47772.79,47963.15,46764.7,47031.9,1476.48818,47846.847,47401.5835,47736.22833333334,47762.86124999999,47879.46959999998,-847.5695999999807,445.26350000000093,False,False
246,2021-12-17 08:00:00,47030.41,47306.12,46800.0,47130.34,1531.19294,47863.317,47427.1635,47666.718333333345,47737.483499999995,47812.00859999999,-681.66859999999,436.15350000000035,False,False
247,2021-12-17 12:00:00,47130.33,47358.36,45444.44,46534.03,4055.98731,47887.317,47451.618,47605.09133333334,47725.73174999999,47758.51299999999,-1224.482999999993,435.6990000000005,False,False
248,2021-12-17 16:00:00,46534.03,47460.81,46422.87,46782.27,2642.43112,47575.07,47406.844000000005,47482.14,47690.34274999999,47682.6052,-900.3352000000014,168.2259999999951,False,False
249,2021-12-17 20:00:00,46782.28,47094.36,45563.94,46153.7,2259.88785,47345.041000000005,47387.3165,47378.15966666667,47681.66449999999,47632.450399999994,-1478.7503999999972,-42.2754999999961,False,True
250,2021-12-18 00:00:00,46148.67,46549.62,45515.0,46301.47,1928.50739,47049.997,47333.9605,47233.40033333333,47625.76299999999,47581.383799999996,-1279.9137999999948,-283.963499999998,False,False
251,2021-12-18 04:00:00,46301.44,46872.48,46091.56,46384.29,1214.2548,46738.838,47286.889500000005,47133.90033333333,47566.55649999999,47540.96599999999,-1156.6759999999922,-548.0515000000014,False,False
252,2021-12-18 08:00:00,46381.52,47420.6,46219.02,47086.57,1682.6963,46520.664000000004,47248.351500000004,47049.63366666667,47514.04425,47516.099799999996,-429.5297999999966,-727.6875,False,False
253,2021-12-18 12:00:00,47086.64,47231.97,46589.53,46883.05,1121.00327,46375.189,47166.44500000001,46985.448000000004,47459.299750000006,47491.27879999999,-608.2287999999899,-791.2560000000085,False,False
254,2021-12-18 16:00:00,46883.0,47000.0,46350.0,46662.15,960.94679,46281.50600000001,47098.976500000004,46970.622,47413.833,47471.40379999999,-809.2537999999913,-817.4704999999958,False,False
255,2021-12-18 20:00:00,46662.16,47137.65,46544.45,46847.87,867.58205,46176.10600000001,47011.47650000001,46993.09100000001,47346.19775000001,47445.51019999999,-597.6401999999871,-835.3705000000045,False,False
256,2021-12-19 00:00:00,46844.86,47992.47,46446.59,47731.74,1519.12902,46154.081,47008.69900000001,47002.80266666667,47288.55900000001,47420.803,310.9369999999981,-854.6180000000095,True,False
257,2021-12-19 04:00:00,47731.82,48089.0,47462.95,47536.72,1043.04696,46118.740000000005,47003.02850000001,47007.32533333334,47233.503500000006,47404.33339999999,132.38660000001255,-884.2885000000024,False,False
258,2021-12-19 08:00:00,47540.96,47647.09,46829.0,47171.89,1042.19254,46320.591,46947.8305,47044.75966666667,47191.75275,47416.39239999999,-244.5023999999903,-627.239499999996,False,False
259,2021-12-19 12:00:00,47171.9,48300.0,46897.44,47254.76,2161.41424,46361.204,46853.122500000005,47045.279,47123.920750000005,47417.57239999999,-162.81239999998797,-491.91850000000704,False,False
260,2021-12-19 16:00:00,47254.76,47492.06,46561.0,46691.59,1146.62649,46494.554000000004,46772.2755,47054.15833333333,47048.68875,47399.5212,-707.9312000000064,-277.72149999999965,False,False
261,2021-12-19 20:00:00,46691.59,47560.0,46504.0,46699.1,1202.90112,46599.154,46668.996,47057.64433333334,47000.21375,47373.075999999994,-673.9759999999951,-69.84199999999691,False,False
262,2021-12-20 00:00:00,46699.1,47226.67,46250.0,46699.8,1458.17122,46640.398,46580.530999999995,47045.700333333334,46947.32475,47339.315,-639.5149999999994,59.867000000005646,False,False
263,2021-12-20 04:00:00,46699.8,47068.94,46111.0,46448.28,1446.76618,46643.496,46509.34249999999,46992.12866666667,46899.96000000001,47296.139,-847.859000000004,134.15350000000763,False,False
264,2021-12-20 08:00:00,46443.18,46567.87,45786.0,46103.63,1700.78451,46595.643,46438.5745,46931.19866666666,46876.877250000005,47250.195,-1146.5650000000023,157.06849999999395,False,False
265,2021-12-20 12:00:00,46103.62,46337.63,45576.19,45973.37,2232.42053,46539.243,46357.6745,46854.06533333334,46879.629,47184.806800000006,-1211.4368000000031,181.56850000000122,False,False
266,2021-12-20 16:00:00,45979.33,46700.0,45877.78,46599.08,1834.85964,46442.417,46298.248999999996,46819.93833333333,46862.70625,47119.33060000001,-520.2506000000067,144.16800000000512,False,False
267,2021-12-20 20:00:00,46599.09,47530.0,46599.08,46916.22,1856.88475,46385.536,46252.138,46797.197666666674,46851.878000000004,47063.91,-147.69000000000233,133.39800000000105,False,False
268,2021-12-21 00:00:00,46916.22,48090.0,46655.6,47931.37,1758.06349,46299.149000000005,46309.87,46731.60333333334,46858.357,47013.23199999999,918.1380000000136,-10.72099999999773,True,True
269,2021-12-21 04:00:00,47935.26,48819.57,47935.26,48596.32,2576.63564,46281.809,46321.506499999996,46662.684666666675,46854.4115,46955.4984,1640.821600000003,-39.69749999999476,False,False
270,2021-12-21 08:00:00,48587.69,49039.0,48454.68,48880.0,1718.59469,46385.591,46440.072499999995,46643.38066666667,46887.016500000005,46916.06919999999,1963.9308000000092,-54.48149999999441,False,False
271,2021-12-21 12:00:00,48880.01,49332.98,48289.63,48433.64,2507.62663,46574.958999999995,46587.0565,46637.65033333333,46936.973000000005,46915.162800000006,1518.477199999994,-12.097500000003492,False,False
272,2021-12-21 16:00:00,48433.64,48871.3,48350.25,48638.54,1085.22513,46753.522,46696.96,46638.19466666666,46972.65575,46908.5642,1729.9758000000002,56.56199999999808,False,False
273,2021-12-21 20:00:00,48636.77,49299.0,48481.75,48905.71,1259.95109,46963.547,46803.521499999995,46660.74399999999,46984.983250000005,46912.6774,1993.0325999999986,160.02550000000338,False,False
274,2021-12-22 00:00:00,48906.7,49600.0,48616.01,49266.95,1344.97303,47200.621999999996,46898.1325,46692.59033333333,46998.5545,46941.6262,2325.3237999999983,302.48949999999604,False,False
275,2021-12-22 04:00:00,49266.96,49365.7,48929.64,49228.93,1080.56425,47483.62300000001,47011.433000000005,46732.990666666665,47011.454750000004,47000.427800000005,2228.5021999999954,472.1900000000023,False,False
276,2021-12-22 08:00:00,49228.93,49550.0,48855.12,48999.25,1377.21038,47818.968,47130.6925,46805.15533333332,47069.69575,47053.958600000005,1945.2913999999946,688.2755000000034,False,False
277,2021-12-22 12:00:00,48999.26,49141.79,48453.22,48898.0,1757.69143,48116.702000000005,47251.119000000006,46873.65933333333,47127.07375,47104.842800000006,1793.1571999999942,865.5829999999987,False,False
278,2021-12-22 16:00:00,48896.83,49266.64,48527.47,48946.19,1265.32554,48302.116,47300.6325,46973.952,47124.2315,47147.10880000001,1799.0811999999933,1001.4835000000021,False,False
279,2021-12-22 20:00:00,48946.17,49155.3,48580.26,48610.35,1033.7252,48489.303,47385.556,47044.10533333333,47119.339250000005,47181.38980000001,1428.9601999999868,1103.747000000003,False,False
280,2021-12-23 00:00:00,48611.49,48745.83,48025.92,48541.24,1599.86817,48553.803,47469.697,47144.649333333335,47120.98625,47220.37380000001,1320.8661999999895,1084.1059999999998,False,False
281,2021-12-23 04:00:00,48541.24,48593.24,48049.33,48151.94,980.13424,48510.926999999996,47542.943,47228.346666666665,47105.96949999999,47251.76380000001,900.1761999999944,967.9839999999967,False,False
282,2021-12-23 08:00:00,48154.45,48555.55,48091.21,48375.0,1194.92718,48486.897,47620.2095,47293.60566666666,47100.37024999999,47275.504,1099.4959999999992,866.6875,False,False
283,2021-12-23 12:00:00,48375.0,48874.04,48348.48,48835.08,1591.1061,48460.993,47712.27,47356.011999999995,47110.806249999994,47280.18520000001,1554.8947999999946,748.7230000000054,False,False
284,2021-12-23 16:00:00,48835.08,51384.72,48691.58,51126.62,3876.70719,48447.666,47824.14399999999,47414.64366666667,47131.359249999994,47288.3768,3838.2432000000044,623.5220000000045,False,False
285,2021-12-23 20:00:00,51126.84,51183.99,50571.42,50847.09,1384.75301,48455.223000000005,47969.422999999995,47492.69633333334,47163.54875,47300.208399999996,3546.8816000000006,485.8000000000102,False,False
286,2021-12-24 00:00:00,50847.1,51537.08,50668.5,51054.99,1819.92831,48619.401,48219.184499999996,47626.92866666666,47258.71674999999,47379.6368,3675.3531999999977,400.21650000000227,False,False
287,2021-12-24 04:00:00,51054.99,51118.7,50775.0,51013.6,674.10677,48800.739,48458.720499999996,47767.659,47355.429249999994,47461.8068,3551.7932,342.0185000000056,False,False
288,2021-12-24 08:00:00,51012.11,51499.0,50892.75,51016.84,1077.45858,49032.917,48667.5165,47878.06066666667,47488.69325,47505.9686,3510.8713999999964,365.4005000000034,False,False
289,2021-12-24 12:00:00,51016.84,51258.0,50431.29,50979.98,1422.74833,49269.445,48879.373999999996,48013.519,47600.44025,47549.3604,3430.6196000000054,390.07100000000355,False,False
290,2021-12-24 16:00:00,50979.98,51849.32,50764.18,51159.41,1876.44949,49454.547999999995,49004.1755,48131.314,47722.123999999996,47587.698599999996,3571.7114000000074,450.3724999999977,False,False
291,2021-12-24 20:00:00,51159.39,51263.11,50521.97,50846.08,1240.56817,49728.373999999996,49119.6505,48271.42,47853.3535,47630.4504,3215.6296,608.7234999999928,False,False
292,2021-12-25 00:00:00,50846.72,51151.07,50640.0,50865.28,708.8587,49975.638,49231.2675,48405.35233333333,47964.11375,47675.42380000001,3189.8561999999874,744.3704999999973,False,False
293,2021-12-25 04:00:00,50865.28,51103.43,50694.01,50947.75,560.18544,50230.51699999999,49345.755000000005,48551.685666666664,48074.638249999996,47734.7484,3213.0016000000032,884.7619999999879,False,False
294,2021-12-25 08:00:00,50947.75,51028.15,50585.77,50704.27,616.81106,50465.06999999999,49456.368,48704.452666666664,48177.25025,47798.10140000001,2906.16859999999,1008.7019999999902,False,False
295,2021-12-25 12:00:00,50704.61,50958.13,50667.34,50689.93,707.19017,50654.489,49554.85600000001,48864.44499999999,48283.1445,47861.7368,2828.1932000000015,1099.6329999999944,False,False
296,2021-12-25 16:00:00,50691.55,51171.94,50167.69,50920.01,1529.80688,50664.081000000006,49641.741,49034.15,48386.21675,47939.78959999999,2980.220400000013,1022.3400000000038,False,False
297,2021-12-25 20:00:00,50920.02,51098.63,50367.34,50427.56,1070.57845,50614.00000000001,49707.36950000001,49177.147,48479.24425,48007.143399999986,2420.4166000000114,906.6304999999993,False,False
298,2021-12-26 00:00:00,50429.21,50690.0,49642.86,49698.58,1919.17783,50573.23400000001,49803.075500000006,49302.755666666664,48551.85400000001,48105.601399999985,1592.9786000000167,770.158500000005,False,False
299,2021-12-26 04:00:00,49694.86,49990.0,49632.51,49959.94,707.6553,50448.24500000001,49858.844999999994,49402.331000000006,48622.200500000006,48170.001199999984,1789.938800000018,589.400000000016,False,False
300,2021-12-26 08:00:00,49959.94,50180.0,49446.2,49775.4,1248.84968,50368.367000000006,49911.4575,49458.90600000001,48690.57725,48251.37259999998,1524.0274000000209,456.90950000000885,False,False
301,2021-12-26 12:00:00,49775.39,50299.29,49675.87,50073.8,935.06737,50236.569,49982.4715,49491.95666666667,48762.70725,48329.996599999984,1743.8034000000189,254.0975000000035,False,False
302,2021-12-26 16:00:00,50073.81,50472.45,50050.0,50364.68,861.00527,50151.959,50063.79849999999,49538.16466666667,48842.004,48401.682799999995,1962.9972000000053,88.16050000001269,False,False
303,2021-12-26 20:00:00,50363.88,51300.0,49949.17,50801.06,1469.57326,50092.959,50161.738,49594.82300000001,48937.004,48478.30239999999,2322.7576000000045,-68.778999999995,False,True
304,2021-12-27 00:00:00,50801.07,51151.94,50469.66,51036.84,1107.33309,50018.475,50241.7725,49643.73700000001,49032.95825,48545.4952,2491.344799999999,-223.29750000000058,False,False
305,2021-12-27 04:00:00,51036.8,51116.72,50680.0,50723.01,1013.3788,50006.864,50330.676499999994,49705.52533333334,49150.04975,48627.88840000001,2095.1215999999913,-323.8124999999927,False,False
306,2021-12-27 08:00:00,50723.03,50924.81,50537.66,50783.48,1018.41976,50008.130000000005,50336.1055,49763.87066666667,49277.645000000004,48710.59940000001,2072.880599999997,-327.9754999999932,False,False
307,2021-12-27 12:00:00,50783.49,51700.0,50608.41,51475.55,2269.10004,50045.127,50329.563500000004,49819.95533333333,49394.142,48792.42080000001,2683.1291999999958,-284.43650000000343,False,False
308,2021-12-27 16:00:00,51475.74,52134.38,51227.72,51231.33,2054.40991,50069.23400000001,50321.23400000001,49891.795,49494.37525,48855.33000000001,2375.9999999999927,-252.0,False,False
309,2021-12-27 20:00:00,51231.33,51383.15,50657.95,50727.55,1435.11947,50227.72000000001,50337.982500000006,49981.80333333332,49608.67825,48943.30440000002,1784.2455999999802,-110.26249999999709,False,False
310,2021-12-28 00:00:00,50727.54,50727.54,49519.51,49839.37,2807.18107,50330.26400000001,50349.315500000004,50051.05966666665,49676.745500000005,49018.51460000002,820.8553999999858,-19.05149999999412,False,False
311,2021-12-28 04:00:00,49839.56,49839.56,48660.0,49249.86,2095.27356,50337.595,50287.08200000001,50100.84599999999,49703.36625,49077.68480000002,172.1751999999833,50.512999999991735,False,False
312,2021-12-28 08:00:00,49249.85,49461.99,48800.68,49217.62,1768.54966,50236.008,50193.98350000001,50121.201666666646,49712.625499999995,49120.80480000001,96.81519999999,42.02449999999226,False,False
313,2021-12-28 12:00:00,49217.62,49395.37,48343.0,48951.66,2425.34071,50111.076,50102.0175,50144.85066666665,49723.886249999996,49171.81840000002,-220.1584000000148,9.058499999999185,False,False
314,2021-12-28 16:00:00,48951.65,48988.85,47318.91,47694.44,3374.82632,49950.459,49984.467000000004,50144.66799999998,49720.417499999996,49216.45840000001,-1522.0184000000081,-34.00800000000163,False,True
315,2021-12-28 20:00:00,47694.44,48060.75,47339.99,47556.84,1405.54732,49635.384,49821.124,50098.91233333331,49687.99,49247.11660000001,-1690.276600000012,-185.74000000000524,False,False
316,2021-12-29 00:00:00,47556.84,48138.44,47458.5,48010.38,1128.32602,49301.382999999994,49654.7565,49991.19799999999,49648.24874999999,49282.39260000001,-1272.0126000000091,-353.3735000000088,False,False
317,2021-12-29 04:00:00,48010.39,48068.74,47536.02,47579.48,898.46304,48993.467000000004,49519.297000000006,49884.198,49613.33324999999,49314.007000000005,-1734.5270000000019,-525.8300000000017,False,False
318,2021-12-29 08:00:00,47579.48,48078.0,47400.0,47749.12,1624.87081,48686.228,49377.73100000001,49776.231999999996,49590.40324999999,49332.745800000004,-1583.6258000000016,-691.5030000000042,False,False
319,2021-12-29 12:00:00,47749.08,48035.14,46600.23,47971.94,3736.04998,48303.456,49265.588,49659.807,49562.21649999999,49347.63380000001,-1375.6938000000082,-962.1320000000051,False,False
320,2021-12-29 16:00:00,47971.95,48043.93,47041.62,47156.26,1560.08355,47897.684,49113.974,49532.104999999996,49512.71574999999,49320.933200000014,-2164.673200000012,-1216.2900000000009,False,False
321,2021-12-29 20:00:00,47150.62,47714.28,46081.63,46471.72,2376.93666,47649.895,48993.745,49408.01966666667,49488.10824999999,49292.67200000001,-2820.952000000012,-1343.8500000000058,False,False
322,2021-12-30 00:00:00,46471.73,46848.92,45923.13,46510.38,2114.78342,47392.058,48814.033,49260.00833333333,49438.91574999998,49248.512,-2738.132000000005,-1421.9750000000058,False,False
323,2021-12-30 04:00:00,46510.37,47102.04,46493.39,46984.89,1335.99415,47104.303,48607.6895,49102.77933333333,49384.71374999998,49199.9696,-2215.0795999999973,-1503.3865000000005,False,False
324,2021-12-30 08:00:00,46984.9,47562.9,46693.87,47519.53,1406.61407,46919.342,48434.9005,48962.75866666667,49338.33649999998,49160.202399999995,-1640.6723999999958,-1515.5585000000065,False,False
325,2021-12-30 12:00:00,47519.53,47721.72,47127.0,47171.0,1699.72697,46856.838,48246.111,48833.02866666667,49288.39374999998,49121.7596,-1950.7595999999976,-1389.2729999999938,False,False
326,2021-12-30 16:00:00,47170.99,47907.26,47090.26,47562.17,1597.5999,46835.539000000004,48068.460999999996,48715.01733333334,49202.28324999999,49085.7068,-1523.5368000000017,-1232.9219999999914,False,False
327,2021-12-30 20:00:00,47562.18,47690.59,46734.0,47125.87,1413.98188,46798.715000000004,47896.091,48612.43633333333,49112.827249999995,49050.40959999999,-1924.5395999999892,-1097.3759999999966,False,False
328,2021-12-31 00:00:00,47125.89,47396.17,46837.49,47203.31,1405.50468,46718.513,47702.370500000005,48491.325,49011.80224999999,49016.02519999999,-1812.7151999999915,-983.8575000000055,False,False
329,2021-12-31 04:00:00,47203.31,47555.2,46845.0,47199.9,1375.32355,46662.262,47482.859000000004,48397.812666666665,48910.42075,48982.2256,-1782.3255999999965,-820.5970000000016,False,False
330,2021-12-31 08:00:00,47199.9,48566.66,47075.93,47986.16,2965.44009,46686.739,47292.211500000005,48304.89566666666,48820.763499999994,48947.520399999994,-961.3603999999905,-605.4725000000035,False,False
331,2021-12-31 12:00:00,47986.17,48133.65,47818.31,47995.33,1403.50511,46690.17,47170.0325,48225.886666666665,48728.55725,48928.520599999996,-933.1905999999944,-479.8625000000029,False,False
332,2021-12-31 16:00:00,47995.33,48112.04,45686.0,45725.92,3067.02272,46863.838,47127.948,48163.968,48660.965749999996,48923.90019999999,-3197.980199999991,-264.1099999999933,False,False
333,2021-12-31 20:00:00,45725.93,46576.87,45680.0,46208.25,1368.73857,46840.125,46972.214,48018.50133333333,48537.11575,48875.795999999995,-2667.545999999995,-132.08899999999994,False,False
334,2022-01-01 00:00:00,46215.75,46942.68,46212.42,46813.38,1043.71098,46758.786,46839.064,47876.19566666666,48411.7655,48822.4264,-2009.0463999999993,-80.27799999999843,False,False
335,2022-01-01 04:00:00,46814.17,47552.69,46539.13,47202.17,1046.81597,46710.640999999996,46783.73950000001,47734.28766666666,48302.43175,48772.843199999996,-1570.6731999999975,-73.09850000001461,False,False
336,2022-01-01 08:00:00,47201.75,47357.08,46722.49,46765.22,755.98838,46651.854,46743.696500000005,47596.25866666666,48199.2265,48692.19739999999,-1926.9773999999888,-91.84250000000611,False,False
337,2022-01-01 12:00:00,46765.22,47490.0,46765.22,47222.77,760.42536,46615.077,46706.89600000001,47469.086333333325,48113.09649999999,48613.277200000004,-1390.5072000000073,-91.81900000001042,False,False
338,2022-01-01 16:00:00,47222.78,47939.99,47185.72,47337.19,1286.12808,46618.199,46668.35600000001,47340.979999999996,48023.04349999999,48533.081600000005,-1195.8916000000027,-50.15700000000652,False,False
339,2022-01-01 20:00:00,47337.18,47819.27,47236.53,47729.83,825.51756,46653.022,46657.64200000001,47206.246666666666,47961.61499999999,48458.941000000006,-729.1110000000044,-4.620000000009895,False,False
340,2022-01-02 00:00:00,47729.83,47758.47,47275.0,47338.69,1000.22393,46692.175,46689.457,47092.19933333333,47901.71549999999,48395.0458,-1056.3557999999975,2.7180000000007567,False,False
341,2022-01-02 04:00:00,47338.69,47423.22,46780.0,47183.75,985.03322,46712.081999999995,46701.126000000004,47017.38233333333,47847.43549999999,48325.262200000005,-1141.5122000000047,10.955999999991036,False,False
342,2022-01-02 08:00:00,47183.77,47500.0,46985.45,47236.37,659.53074,46608.251000000004,46736.0445,46954.715666666656,47775.03874999999,48250.4228,-1014.0527999999977,-127.79349999999977,False,True
343,2022-01-02 12:00:00,47236.38,47452.7,47025.29,47348.38,990.71288,46738.196,46789.1605,46894.208,47698.424999999996,48177.33180000001,-828.9518000000098,-50.96449999999459,False,False
344,2022-01-02 16:00:00,47348.38,47998.49,46671.57,46916.23,2132.43438,46872.725,46815.75549999999,46850.28433333334,47625.327999999994,48103.9574,-1187.7273999999961,56.96950000000652,False,False
345,2022-01-02 20:00:00,46916.24,47499.72,46832.12,47293.15,725.49962,46918.64,46814.640499999994,46828.70633333334,47530.37574999999,48025.6734,-732.5233999999982,103.99950000000536,False,False
346,2022-01-03 00:00:00,47293.16,47299.99,46730.0,46800.08,1005.38588,46947.939,46799.896499999995,46811.777333333346,47434.17875,47948.969,-1148.8889999999956,148.0425000000032,False,False
347,2022-01-03 04:00:00,46804.81,47211.41,46761.12,47048.39,806.36121,46948.689999999995,46781.883499999996,46787.49400000001,47338.98725,47880.2152,-831.8251999999993,166.80649999999878,False,False
348,2022-01-03 08:00:00,47051.6,47441.6,46780.0,47380.0,1149.13101,46948.28,46783.239499999996,46761.66400000001,47242.80500000001,47808.0908,-428.0907999999981,165.0405000000028,False,False
349,2022-01-03 12:00:00,47382.44,47580.0,46580.66,46694.6,2153.27259,46907.708,46780.365,46740.99733333335,47131.61200000001,47750.83359999999,-1056.2335999999923,127.34300000000076,False,False
350,2022-01-03 16:00:00,46694.59,46789.0,46275.0,46364.48,1713.71243,46842.12100000001,46767.148,46740.34500000001,47029.67975,47689.796599999994,-1325.316599999991,74.97300000000541,False,False
351,2022-01-03 20:00:00,46364.48,46568.99,45700.0,46450.22,2042.38936,46742.121,46727.1015,46714.791000000005,46948.566999999995,47626.372599999995,-1176.152599999994,15.019500000002154,False,False
352,2022-01-04 00:00:00,46450.22,46536.75,45951.65,46322.85,930.07543,46634.121,46621.186,46702.07,46874.566999999995,47546.855200000005,-1224.0052000000069,12.934999999997672,False,False
353,2022-01-04 04:00:00,46322.85,46580.09,46022.35,46553.63,990.15711,46530.741,46634.4685,46703.02066666666,46803.341250000005,47464.8882,-911.2582000000039,-103.72750000000087,False,True
354,2022-01-04 08:00:00,46553.71,46756.66,46305.0,46731.41,1447.56707,46430.447,46651.586,46687.319333333326,46745.325000000004,47386.3518,-654.9417999999932,-221.13900000000285,False,False
355,2022-01-04 12:00:00,46732.9,47540.0,46417.88,46924.37,2369.95026,46393.79,46656.215000000004,46674.356999999996,46719.97725000001,47303.058600000004,-378.6886000000013,-262.4250000000029,False,False
356,2022-01-04 16:00:00,46924.38,46983.64,45545.17,46042.17,3247.51573,46352.366,46650.152500000004,46650.71966666666,46696.92450000001,47217.816199999994,-1175.6461999999956,-297.786500000002,False,False
357,2022-01-04 20:00:00,46042.17,46419.68,45752.0,45824.27,1095.12739,46233.882999999994,46591.2865,46599.21666666666,46649.091250000005,47117.9664,-1293.6964000000007,-357.4035000000076,False,False
358,2022-01-05 00:00:00,45824.27,46564.01,45710.01,46422.83,1107.42825,46132.971,46540.6255,46566.48333333332,46604.490750000004,47020.838200000006,-598.0082000000039,-407.6545000000042,False,False
359,2022-01-05 04:00:00,46422.84,46520.4,46239.12,46404.28,698.88856,46025.972,46466.840000000004,46528.90066666666,46562.241,46910.484,-506.2039999999979,-440.8680000000022,False,False
360,2022-01-05 08:00:00,46404.28,47061.05,46110.0,46269.61,1668.52794,45991.818,46416.96950000001,46508.704666666665,46553.21325000001,46822.1074,-552.4974000000002,-425.1515000000072,False,False
361,2022-01-05 12:00:00,46269.6,46819.0,45893.91,46616.66,2261.1378,45975.318,46358.7195,46476.507,46529.922750000005,46753.917199999996,-137.25719999999274,-383.40149999999994,False,False
362,2022-01-05 16:00:00,46616.66,46669.18,44500.0,44678.19,4404.52919,45994.708999999995,46314.415,46412.36033333333,46525.22975,46698.5954,-2020.405399999996,-319.7060000000056,False,False
363,2022-01-05 20:00:00,44678.19,44830.22,42500.0,43448.5,6681.5454,45849.54400000001,46190.1425,46372.827,46489.65149999999,46612.5818,-3164.0818,-340.5984999999928,False,False
364,2022-01-06 00:00:00,43444.77,43792.21,42820.0,42828.52,2390.67655,45497.308999999994,45963.878000000004,46266.827000000005,46389.81674999999,46495.72180000001,-3667.20180000001,-466.5690000000104,False,False
365,2022-01-06 04:00:00,42832.37,43268.03,42573.78,43238.95,2038.31024,45148.808999999994,45771.29950000001,46153.746333333336,46292.969999999994,46405.7436,-3166.7936000000045,-622.4905000000144,False,False
366,2022-01-06 08:00:00,43238.88,43263.03,42420.0,42869.72,2399.04437,44764.399,45558.38250000001,46021.568,46179.13949999999,46310.419400000006,-3440.699400000005,-793.9835000000094,False,False
367,2022-01-06 12:00:00,42869.71,43228.84,42630.0,42942.04,2509.58599,44451.882000000005,45342.8825,45878.151666666665,46062.382999999994,46209.6494,-3267.609400000001,-891.0004999999946,False,False
368,2022-01-06 16:00:00,42943.55,43500.0,42751.33,43434.69,1765.13222,44139.68200000001,45136.3265,45740.311,45959.782999999996,46111.528999999995,-2676.8389999999927,-996.6444999999949,False,False
369,2022-01-06 20:00:00,43434.69,43580.45,43010.97,43086.35,1040.61473,43843.814000000006,44934.893000000004,45592.49800000001,45857.629,46018.55559999999,-2932.205599999994,-1091.078999999998,False,False
370,2022-01-07 00:00:00,43086.35,43142.11,41588.0,41790.13,3215.66037,43520.998999999996,44756.4085,45451.646000000015,45761.778249999996,45946.77040000001,-4156.640400000011,-1235.4095000000016,False,False
371,2022-01-07 04:00:00,41790.13,41949.91,41000.0,41693.9,3944.40758,43068.799,44522.0585,45262.079333333335,45624.58,45837.698000000004,-4143.7980000000025,-1453.2595000000001,False,False
372,2022-01-07 08:00:00,41706.89,42628.57,41566.7,42244.05,2327.60929,42579.407999999996,44287.0585,45069.41266666667,45454.12225,45736.0654,-3492.0153999999966,-1707.6505000000034,False,False
373,2022-01-07 12:00:00,42244.06,42755.84,40635.14,41311.47,4412.6179,42286.077999999994,44067.811,44888.78766666667,45351.139749999995,45648.9368,-4337.466800000002,-1781.7330000000075,False,False
374,2022-01-07 16:00:00,41310.0,42303.03,40927.7,41763.47,2802.01829,42099.592,43798.45049999999,44675.782666666666,45225.01825,45531.77180000001,-3768.3018000000084,-1698.8584999999948,False,False
375,2022-01-07 20:00:00,41766.84,42048.12,41251.0,41556.89,1306.87867,41910.362,43529.585499999994,44484.32033333333,45092.90025,45416.44840000001,-3859.558400000009,-1619.2234999999928,False,False
376,2022-01-08 00:00:00,41556.9,42233.23,41556.9,41797.51,1330.31244,41778.084,43271.24149999999,44298.283,44960.697,45298.928400000004,-3501.4184000000023,-1493.1574999999866,False,False
377,2022-01-08 04:00:00,41800.0,41986.02,41735.43,41907.44,749.84054,41691.774000000005,43071.827999999994,44125.84633333332,44831.55725,45188.2612,-3280.8211999999985,-1380.0539999999892,False,False
378,2022-01-08 08:00:00,41907.44,42192.33,41764.83,41939.62,1224.63383,41602.317,42870.999500000005,43958.32333333333,44705.81249999999,45088.2898,-3148.669799999996,-1268.6825000000026,False,False
379,2022-01-08 12:00:00,41939.63,42050.0,41450.11,41610.05,1217.51566,41503.667,42673.7405,43791.15099999999,44570.29025,44986.8366,-3376.7865999999995,-1170.0734999999986,False,False
380,2022-01-08 16:00:00,41610.05,41731.64,40524.0,40832.52,3858.32847,41347.581,42434.28999999999,43620.13266666666,44425.62975000001,44878.938799999996,-4046.4187999999995,-1086.7089999999953,False,False
381,2022-01-08 20:00:00,40828.54,42306.69,40725.06,41678.35,2204.14785,41241.181,42154.99,43428.43266666667,44256.85475,44747.9002,-3069.550199999998,-913.8090000000011,False,False
382,2022-01-09 00:00:00,41680.13,42170.04,41394.44,41840.24,1879.84129,41213.68699999999,41896.5475,43262.60133333333,44105.48125,44606.035199999984,-2765.795199999986,-682.8605000000098,False,False
383,2022-01-09 04:00:00,41840.23,42098.73,41688.5,41796.47,910.81763,41196.460999999996,41741.269499999995,43110.69433333333,43965.706,44520.204,-2723.7339999999967,-544.8084999999992,False,False
384,2022-01-09 08:00:00,41795.04,41990.66,41400.0,41860.68,1097.57017,41301.797,41700.6945,42966.23266666666,43832.28625,44440.374,-2579.694000000003,-398.8974999999991,False,False
385,2022-01-09 12:00:00,41862.93,41923.67,41200.81,41620.33,1133.95815,41349.026999999995,41629.6945,42802.73266666666,43700.496999999996,44344.12560000001,-2723.795600000005,-280.6675000000032,False,False
386,2022-01-09 16:00:00,41620.18,42750.0,41557.93,42698.09,1962.55781,41344.008,41561.045999999995,42628.83033333333,43559.714250000005,44237.3592,-1539.2692000000025,-217.0379999999932,False,False
387,2022-01-09 20:00:00,42697.37,42778.07,41775.01,41860.61,1124.73509,41344.111,41517.94250000001,42495.92233333333,43430.41249999999,44134.06800000001,-2273.458000000006,-173.83150000001478,False,False
388,2022-01-10 00:00:00,41867.75,42034.22,41600.0,41967.79,1156.11581,41348.069,41475.193000000014,42363.356,43305.75975,44034.2638,-2066.4737999999998,-127.12400000001071,False,False
389,2022-01-10 04:00:00,41967.79,42282.88,41833.67,42045.52,1048.03896,41331.585999999996,41417.626500000006,42226.35566666666,43176.25975,43922.549399999996,-1877.0293999999994,-86.04050000001007,False,False
390,2022-01-10 08:00:00,42045.52,42118.83,41455.38,41562.79,1338.09806,41369.941999999995,41358.76150000001,42079.50733333333,43057.58499999999,43814.4922,-2251.7021999999997,11.18049999998766,False,False
391,2022-01-10 12:00:00,41563.09,41610.0,39651.31,40984.0,7120.81805,41463.08,41352.130500000014,41924.35333333332,42937.09449999999,43698.099799999996,-2714.0997999999963,110.94949999998789,False,False
392,2022-01-10 16:00:00,40984.01,42115.87,40582.01,41297.33,4467.97793,41355.705,41284.695999999996,41716.266666666656,42785.87725,43555.526,-2258.1959999999963,71.00900000000547,False,False
393,2022-01-10 20:00:00,41297.33,41985.0,41151.57,41819.01,1448.3509,41274.462,41235.4615,41585.667,42651.636249999996,43427.45719999999,-1608.4471999999878,39.00050000000192,False,False
394,2022-01-11 00:00:00,41819.0,42383.6,41555.8,42275.7,1711.94717,41220.769,41261.283,41540.719333333334,42529.86675,43309.98279999999,-1034.2827999999936,-40.51400000000285,False,True
395,2022-01-11 04:00:00,42275.7,42384.9,41977.42,42206.48,1370.39263,41236.349,41292.687999999995,41498.579333333335,42411.13675,43207.66739999999,-1001.187399999988,-56.338999999992666,False,False
396,2022-01-11 08:00:00,42206.49,42666.0,41582.41,41824.17,2069.26801,41314.009999999995,41329.009000000005,41478.700666666664,42300.12525,43110.5734,-1286.4034000000029,-14.99900000001071,False,False
397,2022-01-11 12:00:00,41824.17,42200.0,41255.78,41742.81,2492.53517,41316.458,41330.2845,41450.781,42201.056249999994,43007.6216,-1264.811600000001,-13.826500000002852,False,False
398,2022-01-11 16:00:00,41740.04,43104.1,41697.49,42985.97,3745.16458,41264.534999999996,41306.30200000001,41404.97366666667,42088.65074999999,42897.5148,88.45520000000397,-41.76700000001438,True,False
399,2022-01-11 20:00:00,42985.98,43106.15,42628.12,42740.0,1172.38109,41274.284,41302.935000000005,41369.84566666666,41988.33774999999,42795.8646,-55.86460000000079,-28.651000000005297,False,False
400,2022-01-12 00:00:00,42740.0,42971.0,42453.0,42617.6,1071.09057,41353.72900000001,41361.8355,41357.08400000001,41898.06275,42716.81379999999,-99.21379999999044,-8.106499999994412,False,False
401,2022-01-12 04:00:00,42617.6,42900.0,42481.0,42576.89,871.38373,41453.490999999995,41458.285500000005,41385.91733333334,41806.637749999994,42640.3738,-63.48380000000179,-4.794500000010885,False,False
402,2022-01-12 08:00:00,42576.88,43444.44,42520.0,42947.1,2003.8698,41736.46,41546.082500000004,41435.284,41721.314999999995,42575.9938,371.106200000002,190.37749999999505,True,False
403,2022-01-12 12:00:00,42947.09,44092.41,42869.0,43580.0,3731.91121,41930.259000000005,41602.3605,41467.06066666668,41671.815,42507.3608,1072.6391999999978,327.89850000000297,False,False
404,2022-01-12 16:00:00,43575.96,43900.0,43350.0,43754.43,1574.55277,42102.002,41661.3855,41541.52266666667,41681.04,42444.2938,1310.1362000000008,440.6165000000037,False,False
405,2022-01-12 20:00:00,43755.18,44324.66,43646.22,43919.88,1532.53087,42281.422,41758.8855,41622.265999999996,41694.29,42385.1938,1534.6861999999965,522.536500000002,False,False
406,2022-01-13 00:00:00,43919.87,44065.97,43441.73,43525.13,1037.90751,42448.302,41881.156,41702.106666666674,41721.101,42329.760599999994,1195.3694000000032,567.1460000000006,False,False
407,2022-01-13 04:00:00,43525.13,43812.18,43503.41,43717.13,715.72945,42634.234,41975.346,41764.93433333333,41746.644250000005,42287.6918,1429.4381999999969,658.887999999999,False,False
408,2022-01-13 08:00:00,43717.14,44027.37,43515.16,43625.86,1248.84204,42858.996999999996,42061.765999999996,41823.867,41768.4795,42242.72,1383.1399999999994,797.2309999999998,False,False
409,2022-01-13 12:00:00,43625.86,44443.07,42889.0,43217.81,3285.18,43040.764,42157.524,41882.211333333325,41787.575249999994,42198.823,1018.987000000001,883.2400000000052,False,False
410,2022-01-13 16:00:00,43217.81,43537.1,42540.95,42716.36,2554.09564,43066.852,42210.2905,41930.174333333336,41784.526,42131.820599999985,584.539400000016,856.5614999999962,False,False
411,2022-01-13 20:00:00,42716.35,42905.88,42330.0,42570.33,1397.83084,43075.647000000004,42264.568999999996,41997.405999999995,41808.34975,42060.43959999999,509.89040000001114,811.0780000000086,False,False
412,2022-01-14 00:00:00,42567.8,42798.93,42380.01,42650.0,1214.72344,43060.547000000006,42398.5035,42050.903999999995,41841.599749999994,41989.16139999999,660.83860000001,662.043500000007,False,False
413,2022-01-14 04:00:00,42646.83,42983.87,42620.0,42668.97,1133.69366,43046.548,42488.4035,42083.75633333333,41861.9325,41946.76159999999,722.2084000000104,558.1445000000022,False,False
414,2022-01-14 08:00:00,42670.0,42704.1,41835.92,42020.01,1973.93303,43021.648,42561.825,42114.806333333334,41911.554,41949.1616,70.84840000000258,459.82300000000396,False,False
415,2022-01-14 12:00:00,42020.0,43362.5,41751.0,43121.24,3042.26959,42870.240000000005,42575.831,42129.33699999999,41934.25949999999,41929.479999999996,1191.760000000002,294.4090000000069,False,False
416,2022-01-14 16:00:00,43121.24,43431.62,42789.91,43100.01,1671.84094,42680.718,42564.51,42147.676666666666,41946.7595,41913.024399999995,1186.9856000000073,116.20799999999872,False,False
417,2022-01-14 20:00:00,43100.0,43470.0,43020.43,43074.83,1042.89826,42615.536,42624.885,42188.74266666666,41977.584749999995,41920.4226,1154.4074000000037,-9.349000000001979,False,True
418,2022-01-15 00:00:00,43078.58,43185.37,42888.0,42947.62,723.20693,42567.238,42713.11750000001,42230.25666666666,42009.709749999995,41928.231199999995,1019.3888000000079,-145.87950000001,False,False
419,2022-01-15 04:00:00,42947.61,43112.64,42723.08,43094.13,755.48774,42504.522000000004,42772.64300000001,42273.18999999999,42037.78899999999,41930.96459999999,1163.1654000000053,-268.12100000000646,False,False
420,2022-01-15 08:00:00,43094.94,43294.9,42904.28,43038.25,805.94482,42487.93000000001,42777.391,42302.83699999999,42069.613249999995,41925.2068,1113.0432,-289.4609999999957,False,False
421,2022-01-15 12:00:00,43038.26,43420.01,42580.0,43420.0,1707.36861,42524.263,42799.955,42351.13366666667,42129.12024999999,41951.5324,1468.4676000000036,-275.69200000000274,False,False
422,2022-01-15 16:00:00,43420.0,43575.97,43251.26,43542.23,868.09623,42549.263,42804.905000000006,42448.75666666667,42175.493749999994,41983.132399999995,1559.0976000000082,-255.6420000000071,False,False
423,2022-01-15 20:00:00,43542.23,43826.31,43094.36,43104.8,1155.25402,42636.388,42841.46800000001,42537.731666666674,42221.914249999994,42016.823599999996,1087.9764000000068,-205.08000000000902,False,False
424,2022-01-16 00:00:00,43104.8,43167.19,42862.66,42994.55,721.73361,42683.824,42852.736000000004,42602.491333333346,42257.06075,42066.008,928.5420000000013,-168.9120000000039,False,False
425,2022-01-16 04:00:00,42994.47,43265.92,42869.27,43218.65,621.39993,42786.498,42828.369000000006,42646.05333333334,42293.62725,42104.7072,1113.9428000000044,-41.87100000000646,False,False
426,2022-01-16 08:00:00,43218.64,43314.28,42788.14,42994.77,886.6839,42898.325,42789.5215,42675.78166666667,42335.33875,42137.0726,857.6973999999973,108.80349999999453,False,False
427,2022-01-16 12:00:00,42994.78,43428.57,42601.97,43231.11,1833.04441,42898.148,42756.842000000004,42715.972666666676,42366.094,42161.69739999999,1069.4126000000106,141.30599999999686,False,False
428,2022-01-16 16:00:00,43239.23,43489.0,42816.01,42852.0,994.06619,42856.302,42711.770000000004,42760.84566666666,42386.768,42179.02819999999,672.9718000000066,144.53199999999924,False,False
429,2022-01-16 20:00:00,42852.0,43275.98,42771.27,43089.63,861.48303,42849.103,42676.81250000001,42798.12966666667,42417.168249999995,42200.05179999999,889.5782000000108,172.29049999999552,False,False
430,2022-01-17 00:00:00,43089.65,43189.0,42650.36,42666.56,991.8471,42853.922000000006,42670.92600000001,42802.901333333335,42440.60825,42226.47499999999,440.0850000000064,182.99599999999919,False,False
431,2022-01-17 04:00:00,42676.27,42975.16,42340.8,42680.25,1308.86803,42828.530000000006,42676.3965,42809.48,42470.48275,42269.002199999995,411.24780000000464,152.13350000000355,False,False
432,2022-01-17 08:00:00,42676.32,42918.89,42593.0,42690.63,1013.99591,42804.61,42676.9365,42804.80666666667,42537.72,42301.316999999995,389.3130000000019,127.67349999999715,False,False
433,2022-01-17 12:00:00,42690.62,42799.99,42400.0,42490.22,1309.13997,42738.784,42687.586,42807.24000000001,42587.994750000005,42325.2882,164.93179999999847,51.19799999999668,False,False
434,2022-01-17 16:00:00,42493.9,42552.84,41838.27,42254.17,1847.5629,42669.348,42676.586,42791.606666666674,42619.20550000001,42339.518200000006,-85.34820000000764,-7.238000000004831,False,True
435,2022-01-17 20:00:00,42260.26,42390.18,41561.65,42215.08,1359.65381,42566.909,42676.7035,42741.21566666667,42626.267250000004,42348.283599999995,-133.20359999999346,-109.79450000000361,False,False
436,2022-01-18 00:00:00,42211.48,42444.44,41988.89,42054.48,999.51742,42436.147000000004,42667.236000000004,42671.73,42615.87300000001,42355.5004,-301.02039999999397,-231.08899999999994,False,False
437,2022-01-18 04:00:00,42054.49,42348.24,41900.0,42079.32,924.18916,42356.222,42627.185000000005,42623.301999999996,42626.035,42364.1196,-284.79959999999846,-270.9630000000034,False,False
438,2022-01-18 08:00:00,42079.31,42079.31,41453.99,41866.18,1798.10451,42286.02500000001,42571.16350000001,42569.854999999996,42642.140499999994,42366.619399999996,-500.43939999999566,-285.13850000000093,False,False
439,2022-01-18 12:00:00,41866.18,41966.49,41290.0,41598.1,2483.34062,42149.823,42499.463,42501.149333333335,42636.053,42363.6992,-765.5992000000042,-349.6400000000067,False,False
440,2022-01-18 16:00:00,41598.1,41792.32,41393.81,41707.12,1537.18555,42001.695999999996,42427.80900000001,42447.84933333333,42602.6,42352.8258,-645.7057999999961,-426.1130000000121,False,False
441,2022-01-18 20:00:00,41707.65,42699.98,41512.59,42362.39,1749.08107,41876.041,42352.28550000001,42409.611333333334,42576.12025,42351.594399999994,10.795600000004924,-476.24450000001525,True,False
442,2022-01-19 00:00:00,42363.98,42524.11,41595.0,41719.14,1787.18067,41793.219999999994,42298.91499999999,42382.36433333334,42551.91,42388.82,-669.6800000000003,-505.6949999999997,False,False
443,2022-01-19 04:00:00,41719.14,41857.18,41172.65,41291.0,1641.33558,41693.42,42216.102,42356.197333333344,42528.78500000001,42409.07980000001,-1118.0798000000068,-522.6820000000007,False,False
444,2022-01-19 08:00:00,41291.0,42170.92,41116.78,42045.27,2013.43074,41570.685,42120.016500000005,42307.95233333334,42486.37625,42409.50140000001,-364.2314000000115,-549.3315000000075,False,False
445,2022-01-19 12:00:00,42048.92,42573.6,41841.76,42001.08,2821.48995,41498.536,42032.72250000001,42283.98100000001,42430.545750000005,42400.721,-399.640999999996,-534.1865000000107,False,False
446,2022-01-19 16:00:00,42001.09,42365.0,41705.0,41886.64,2569.85986,41526.547000000006,41981.34700000001,42287.00633333334,42385.434250000006,42398.0078,-511.3678,-454.8000000000029,False,False
447,2022-01-19 20:00:00,41886.64,41999.0,41571.0,41671.98,1168.96534,41498.157999999996,41927.19,42250.84266666667,42342.015999999996,42400.45960000001,-728.479600000006,-429.0320000000065,False,False
448,2022-01-20 00:00:00,41671.99,42087.0,41661.59,41940.98,859.84498,41465.257999999994,41875.641500000005,42202.528333333335,42293.70575,42406.764,-465.78399999999965,-410.3835000000108,False,False
449,2022-01-20 04:00:00,41940.99,42155.03,41782.41,42063.97,818.6905,41486.018,41817.9205,42161.64800000001,42247.366500000004,42406.046,-342.07600000000093,-331.9025000000038,False,False
450,2022-01-20 08:00:00,42063.97,42240.0,41825.63,42138.12,1186.4932,41535.259,41768.4775,42130.29233333334,42219.70175,42389.1318,-251.01180000000022,-233.21850000000268,False,False
451,2022-01-20 12:00:00,42138.12,43465.64,41938.84,43316.93,3518.6346,41578.441000000006,41727.241,42094.33733333334,42201.81875,42376.58440000001,940.3455999999933,-148.79999999999563,True,False
452,2022-01-20 16:00:00,43316.94,43509.26,42821.02,42930.75,1952.90983,41621.066000000006,41707.143,42072.96533333333,42192.03975,42365.741200000004,565.008799999996,-86.07699999999022,False,False
453,2022-01-20 20:00:00,42930.76,42989.71,40574.21,40690.45,4369.97199,41743.668000000005,41718.544,42058.623999999996,42203.06500000001,42371.7616,-1681.311600000001,25.124000000003434,False,False
454,2022-01-21 00:00:00,40688.78,41104.08,38262.0,38475.3,7890.377721,41683.82400000001,41627.254499999995,41974.619,42151.92025000001,42325.8658,-3850.5657999999967,56.56950000001234,False,False
455,2022-01-21 04:00:00,38475.3,39166.96,38447.72,39144.36,3060.28572,41398.346000000005,41448.441,41821.26366666667,42062.572250000005,42224.1058,-3079.745799999997,-50.09499999999389,False,True
456,2022-01-21 08:00:00,39140.43,39288.0,38671.88,38898.95,2502.90582,41058.942,41292.7445,41673.87866666667,41979.99025,42120.135800000004,-3221.1858000000066,-233.80249999999796,False,False
457,2022-01-21 12:00:00,38898.94,39037.58,37711.86,38858.1,6176.274509,40755.630000000005,41126.89399999999,41536.67,41877.0395,42024.7388,-3166.6388000000006,-371.2639999999883,False,False
458,2022-01-21 16:00:00,38858.1,39063.94,37873.11,37987.14,3176.2565,40369.71599999999,40917.486999999994,41373.666333333334,41744.32525,41908.9078,-3921.7678000000014,-547.7710000000006,False,False
459,2022-01-21 20:00:00,37990.75,38500.0,35433.07,36462.22,8413.268968,39990.867999999995,40738.44299999999,41208.903000000006,41618.953,41796.0668,-5333.846799999999,-747.5749999999971,False,False
460,2022-01-22 00:00:00,36462.21,36833.33,35984.63,36350.0,3126.23137,39355.933999999994,40445.59649999999,40964.29633333334,41436.70275000001,41646.948200000006,-5296.948200000006,-1089.6624999999985,False,False
461,2022-01-22 04:00:00,36349.99,36431.03,35120.01,35406.26,3328.660225,38771.833999999995,40175.1375,40742.10533333334,41263.711500000005,41515.821800000005,-6109.561800000003,-1403.3035000000018,False,False
462,2022-01-22 08:00:00,35411.3,35921.26,34015.0,35415.08,6690.479008,38089.951,39855.5085,40501.412333333334,41077.21175,41371.622,-5956.542000000001,-1765.5575000000026,False,False
463,2022-01-22 12:00:00,35411.07,36191.53,34820.0,34850.01,3311.9099,37209.349,39476.5085,40215.479,40846.30525,41204.321800000005,-6354.311800000003,-2267.1595000000016,False,False
464,2022-01-22 16:00:00,34847.35,35498.78,34265.95,34531.41,3669.85608,36633.928,39158.876000000004,39962.81233333333,40639.44625,41048.321800000005,-6516.911800000002,-2524.948000000004,False,False
465,2022-01-22 20:00:00,34531.41,35711.9,34429.15,35065.91,2886.2318,36234.323000000004,38816.3345,39710.40166666666,40424.5285,40896.9224,-5831.0124,-2582.0114999999932,False,False
466,2022-01-23 00:00:00,35076.53,35526.46,34820.0,35058.12,1980.86256,35832.466,38445.704,39472.65166666666,40213.5255,40750.4854,-5692.365399999995,-2613.2379999999976,False,False
467,2022-01-23 04:00:00,35058.11,35755.4,34947.0,35577.23,2365.28095,35447.278000000006,38101.454,39233.688666666654,40014.322,40591.087199999994,-5013.857199999991,-2654.175999999992,False,False
468,2022-01-23 08:00:00,35577.23,36148.18,35354.02,35689.53,3652.88983,35170.792,37770.25399999999,39001.92199999999,39822.94775,40429.6186,-4740.088600000003,-2599.4619999999923,False,False
469,2022-01-23 12:00:00,35687.22,36073.64,35066.0,35292.38,2762.85462,34918.882999999994,37454.875499999995,38798.58966666666,39636.398,40278.939,-4986.559000000001,-2535.9925000000003,False,False
470,2022-01-23 16:00:00,35288.69,35445.81,34614.92,34784.58,2452.75228,34882.176,37119.055,38591.123,39443.76625,40125.7974,-5341.217400000001,-2236.879000000001,False,False
471,2022-01-23 20:00:00,34784.7,36505.5,34717.32,36250.76,3015.54278,34745.205,36758.5195,38365.159999999996,39242.88025,39960.0102,-3709.250199999995,-2013.3145000000004,False,False
472,2022-01-24 00:00:00,36250.76,36254.1,35183.26,35350.87,2480.82454,34704.936,36397.44350000001,38138.651,39052.29325,39802.75659999999,-4451.886599999991,-1692.507500000007,False,False
473,2022-01-24 04:00:00,35350.87,35488.72,34830.57,34890.46,1946.28949,34821.762,36015.5555,37924.92633333334,38867.04974999999,39641.3966,-4750.936600000001,-1193.7934999999998,False,False
474,2022-01-24 08:00:00,34899.23,35600.0,33045.0,33705.03,7913.485495,34822.819,35728.3735,37713.523666666675,38677.814,39476.120800000004,-5771.090800000005,-905.5544999999984,False,False
475,2022-01-24 12:00:00,33705.04,34366.75,32950.01,34241.8,7713.339214,34700.724,35467.5235,37444.46433333333,38457.982249999994,39279.7676,-5037.967599999996,-766.799500000001,False,False
476,2022-01-24 16:00:00,34247.38,36459.0,33818.89,36086.97,6459.21722,34552.810000000005,35192.638,37148.07266666667,38242.691249999996,39081.3824,-2994.412400000001,-639.8279999999941,False,False
477,2022-01-24 20:00:00,36085.88,37592.69,35980.0,36675.08,4414.87952,34452.69900000001,34949.9885,36885.20233333333,38038.44124999999,38901.9974,-2226.9173999999985,-497.2894999999917,False,False
478,2022-01-25 00:00:00,36675.09,36696.73,35969.14,36436.95,1668.60865,34555.998999999996,34863.3955,36698.83566666666,37890.44124999999,38769.558,-2332.608,-307.39650000000256,False,False
479,2022-01-25 04:00:00,36434.96,36499.3,35708.37,36060.43,1638.97958,34617.511000000006,34768.197,36509.08733333333,37753.31999999999,38632.620599999995,-2572.1905999999944,-150.68599999999424,False,False
480,2022-01-25 08:00:00,36057.18,36800.0,36011.32,36417.13,2598.47492,34681.74800000001,34781.962,36306.619333333336,37613.77925,38491.3626,-2074.232600000003,-100.21399999999267,False,False
481,2022-01-25 12:00:00,36423.96,37160.59,35990.95,36561.27,7587.8954,34821.388,34783.2965,36112.809,37479.217,38358.5818,-1797.3118000000031,38.09150000000227,False,False
482,2022-01-25 16:00:00,36561.27,37555.55,36521.47,37084.0,3744.61566,34948.751000000004,34826.8435,35914.546,37341.176,38231.5848,-1147.584799999997,121.90750000000116,False,False
483,2022-01-25 20:00:00,37083.34,37119.86,36450.0,36963.57,2615.65831,35082.57200000001,34952.166999999994,35704.561,37214.33775,38110.1542,-1146.5841999999975,130.4050000000134,False,False
484,2022-01-26 00:00:00,36975.14,37523.96,36567.71,37404.2,2148.33859,35244.515,35033.667,35567.08733333333,37096.2715,37991.1542,-586.9542000000001,210.84799999999814,False,False
485,2022-01-26 04:00:00,37404.2,37980.0,37156.45,37352.22,2396.57904,35596.78600000001,35148.75499999999,35510.611000000004,36982.544749999994,37885.742999999995,-533.5229999999938,448.03100000001723,False,False
486,2022-01-26 08:00:00,37352.22,38250.0,37339.92,38088.92,2874.944915,36017.43000000001,35285.119999999995,35467.56866666666,36865.412,37797.638999999996,291.2810000000027,732.3100000000122,True,False
487,2022-01-26 12:00:00,38088.92,38528.06,37600.0,38008.6,5417.5546,36369.533,35411.116,35423.17,36756.28499999999,37704.65959999999,303.9404000000068,958.4170000000013,False,False
488,2022-01-26 16:00:00,38008.6,38930.0,37398.71,37593.56,6920.09234,36531.533,35543.765999999996,35419.44133333333,36657.009999999995,37618.65959999999,-25.099599999994098,987.7670000000071,False,False
489,2022-01-26 20:00:00,37594.8,37594.8,36276.07,36831.31,4217.00529,36674.49,35646.0005,35403.628,36550.437999999995,37537.55399999999,-706.2439999999915,1028.489499999996,False,False
490,2022-01-27 00:00:00,36831.31,37096.92,35523.16,35764.57,3301.52277,36731.259999999995,35706.504,35431.727999999996,36412.7795,37437.2754,-1672.705399999999,1024.755999999994,False,False
491,2022-01-27 04:00:00,35764.54,36329.76,35707.13,36188.1,2379.46683,36682.444,35751.916000000005,35416.34566666665,36255.217749999996,37319.86239999999,-1131.7623999999923,930.5279999999984,False,False
492,2022-01-27 08:00:00,36192.46,36798.71,35823.18,36698.23,2038.33841,36654.062,35801.4065,35435.91633333333,36099.424999999996,37203.75319999999,-505.5231999999887,852.6555000000008,False,False
493,2022-01-27 12:00:00,36698.43,37208.04,36500.0,36648.52,3076.93002,36584.233,35833.402500000004,35496.18899999999,35924.47899999999,37088.31679999999,-439.79679999999644,750.8304999999964,False,False
494,2022-01-27 16:00:00,36654.15,36784.61,35900.1,36223.75,3047.6021,36589.233,35916.874,35552.189,35822.623749999984,36994.86379999999,-771.1137999999919,672.3589999999967,False,False
495,2022-01-27 20:00:00,36223.74,37233.22,35550.0,37170.0,3366.58506,36522.471999999994,36059.629,35606.66066666666,35763.57625,36890.530199999994,279.4698000000062,462.8429999999935,True,False
496,2022-01-28 00:00:00,37169.99,37483.56,36632.16,37353.32,2305.12102,36361.827000000005,36189.628500000006,35644.022333333334,35691.13324999999,36764.69499999999,588.6250000000073,172.1984999999986,False,False
497,2022-01-28 04:00:00,37353.35,37500.0,36789.68,36808.7,1694.31073,36291.051,36330.292,35704.42766666667,35640.14024999999,36663.23819999999,145.4618000000046,-39.241000000001804,False,True
498,2022-01-28 08:00:00,36808.7,36890.5,36333.33,36448.07,1991.73832,36210.019,36370.776000000005,35765.850333333336,35617.085749999984,36567.611799999984,-119.5417999999845,-160.75700000000506,False,False
499,2022-01-28 12:00:00,36448.06,37304.23,36170.08,37192.46,3416.06412,36103.48100000001,36388.985499999995,35798.494,35578.59124999999,36461.046599999994,731.4134000000049,-285.5044999999882,True,False
