,timestamp,open,high,low,close,volume,10,20,30,40,50,close-50,close-10,Buy,Sell
0,2022-01-07 21:00:00,3214.96,3222.51,3204.99,3214.68,3767.131,,,,,,,,False,False
1,2022-01-07 22:00:00,3214.37,3215.95,3165.5,3181.63,4243.8773,,,,,,,,False,False
2,2022-01-07 23:00:00,3181.63,3198.8,3170.85,3197.44,2229.9437,,,,,,,,False,False
3,2022-01-08 00:00:00,3197.68,3239.0,3188.4,3235.7,5605.0921,,,,,,,,False,False
4,2022-01-08 01:00:00,3235.5,3245.48,3215.69,3217.29,3269.1779,,,,,,,,False,False
5,2022-01-08 02:00:00,3217.29,3221.47,3189.29,3209.83,2850.6346,,,,,,,,False,False
6,2022-01-08 03:00:00,3209.45,3212.91,3181.0,3203.35,3371.6621,,,,,,,,False,False
7,2022-01-08 04:00:00,3203.19,3226.17,3201.78,3218.49,2387.5838,,,,,,,,False,False
8,2022-01-08 05:00:00,3218.31,3219.92,3203.93,3214.82,1802.147,,,,,,,,False,False
9,2022-01-08 06:00:00,3214.8,3222.4,3191.7,3218.6,2366.593,,,,,,,,False,False
10,2022-01-08 07:00:00,3218.71,3228.0,3206.8,3215.42,2207.1593,3191.313,,,,,,24.10699999999997,False,False
11,2022-01-08 08:00:00,3215.31,3237.0,3208.3,3215.0,3705.6628,3191.4939999999997,,,,,,23.506000000000313,False,False
12,2022-01-08 09:00:00,3215.06,3240.55,3215.06,3240.36,2964.6488,3195.774,,,,,,44.58600000000024,False,False
13,2022-01-08 10:00:00,3240.36,3247.4,3209.31,3221.16,3841.6457,3200.195,,,,,,20.96499999999969,False,False
14,2022-01-08 11:00:00,3221.3,3223.75,3206.35,3220.29,2686.9927,3202.286,,,,,,18.003999999999905,False,False
15,2022-01-08 12:00:00,3219.94,3230.0,3192.5,3201.3,3187.609,3201.352,,,,,,-0.05199999999967986,False,False
16,2022-01-08 13:00:00,3201.12,3208.23,3175.96,3200.06,4506.3178,3201.673,,,,,,-1.612999999999829,False,False
17,2022-01-08 14:00:00,3200.07,3205.28,3175.4,3176.39,3096.9391,3201.169,,,,,,-24.778999999999996,False,False
18,2022-01-08 15:00:00,3176.39,3183.65,3146.7,3160.36,6228.7778,3198.531,,,,,,-38.17099999999982,False,False
19,2022-01-08 16:00:00,3160.36,3179.66,3121.52,3129.15,6960.3958,3192.808,,,,,,-63.6579999999999,False,False
20,2022-01-08 17:00:00,3129.43,3136.34,3035.63,3040.75,14023.3086,3185.79,3188.5514999999996,,,,,-145.03999999999996,False,False
21,2022-01-08 18:00:00,3040.74,3080.19,3001.7,3009.58,19670.0867,3168.6730000000002,3180.0834999999993,,,,,-159.0930000000003,False,False
22,2022-01-08 19:00:00,3009.57,3055.2,3000.0,3028.9,13311.8864,3148.0130000000004,3171.893499999999,,,,,-119.11300000000028,False,False
23,2022-01-08 20:00:00,3028.89,3052.78,3003.68,3032.06,6772.6007,3126.507,3163.3509999999997,,,,,-94.44700000000012,False,False
24,2022-01-08 21:00:00,3032.06,3104.31,3025.88,3078.45,8568.5547,3105.9440000000004,3154.1149999999993,,,,,-27.494000000000597,False,False
25,2022-01-08 22:00:00,3078.44,3132.99,3075.89,3119.07,5053.5002,3087.8970000000004,3144.6244999999994,,,,,31.172999999999774,False,False
26,2022-01-08 23:00:00,3118.78,3120.26,3075.06,3080.63,3621.7483,3076.2360000000003,3138.9544999999994,,,,,4.393999999999778,False,False
27,2022-01-09 00:00:00,3080.82,3121.48,3058.43,3119.5,6482.1395,3066.146,3133.657499999999,,,,,53.353999999999814,False,False
28,2022-01-09 01:00:00,3119.43,3135.11,3093.31,3115.4,5513.3231,3054.449,3126.489999999999,,,,,60.95100000000002,False,False
29,2022-01-09 02:00:00,3115.31,3146.38,3110.71,3137.43,5847.9961,3049.11,3120.9589999999994,,,,,88.31999999999971,False,False
30,2022-01-09 03:00:00,3137.21,3145.57,3118.4,3120.83,2935.9541,3048.029,3116.9094999999993,3141.710666666666,,,,72.80099999999993,False,False
31,2022-01-09 04:00:00,3120.82,3142.9,3116.62,3141.04,2731.5807,3056.306,3112.4894999999997,3138.824333333332,,,,84.73399999999992,False,False
32,2022-01-09 05:00:00,3141.04,3146.57,3119.05,3123.09,3561.311,3067.798,3107.9055,3137.194999999999,,,,55.29200000000037,False,False
33,2022-01-09 06:00:00,3123.08,3140.79,3119.13,3138.23,3278.0368,3079.703,3103.105,3135.4683333333323,,,,58.527000000000044,False,False
34,2022-01-09 07:00:00,3138.29,3140.56,3122.7,3128.06,2499.9681,3091.248,3098.596,3133.1593333333326,,,,36.8119999999999,False,False
35,2022-01-09 08:00:00,3128.1,3139.46,3104.37,3108.04,4071.6993,3100.93,3094.4135,3130.059666666666,,,,7.110000000000127,False,False
36,2022-01-09 09:00:00,3108.04,3117.04,3093.84,3097.03,3814.4263,3103.778,3090.0070000000005,3127.2289999999994,,,,-6.7479999999995925,False,False
37,2022-01-09 10:00:00,3096.97,3111.0,3084.4,3106.98,3096.9444,3105.656,3085.9010000000003,3124.3236666666653,,,,1.3240000000000691,False,False
38,2022-01-09 11:00:00,3106.98,3133.3,3106.68,3128.7,2914.224,3108.253,3081.3510000000006,3120.410999999999,,,,20.44699999999966,False,False
39,2022-01-09 12:00:00,3128.7,3134.9,3105.13,3109.72,2581.4531,3109.59,3079.350000000001,3117.169333333332,,,,0.1299999999996544,False,False
40,2022-01-09 13:00:00,3109.72,3129.4,3086.57,3086.58,4193.7563,3109.032,3078.5305000000003,3114.283666666666,3133.540999999999,,,-22.452000000000226,False,False
41,2022-01-09 14:00:00,3086.59,3115.33,3086.5,3097.95,2956.083,3105.849,3081.0775000000003,3110.2759999999994,3130.580499999999,,,-7.899000000000342,False,False
42,2022-01-09 15:00:00,3097.94,3103.96,3074.14,3097.78,3811.8819,3102.8370000000004,3085.3174999999997,3106.216,3128.6054999999988,,,-5.057000000000244,False,False
43,2022-01-09 16:00:00,3097.77,3160.0,3092.2,3159.43,6366.1173,3098.346,3089.0244999999995,3101.518666666666,3126.187749999999,,,61.08399999999983,False,False
44,2022-01-09 17:00:00,3159.44,3176.57,3148.12,3166.27,7116.6274,3095.653,3093.4505,3097.6149999999993,3123.7827499999994,,,70.61700000000019,False,False
45,2022-01-09 18:00:00,3166.73,3179.38,3165.01,3169.54,4062.1843,3098.195,3099.5624999999995,3095.674,3122.093499999999,,,71.3449999999998,False,False
46,2022-01-09 19:00:00,3169.49,3208.6,3163.88,3204.07,5872.558,3104.2589999999996,3104.0184999999997,3094.7576666666664,3121.486499999999,,,99.8110000000006,False,False
47,2022-01-09 20:00:00,3204.13,3211.29,3193.22,3195.79,3586.3912,3111.263,3108.4595,3094.3550000000005,3121.0584999999987,,,84.52700000000004,False,False
48,2022-01-09 21:00:00,3195.79,3204.55,3184.67,3189.1,2129.8369,3122.145,3115.1989999999996,3094.9490000000005,3120.8444999999992,,,66.95499999999993,False,False
49,2022-01-09 22:00:00,3189.26,3199.95,3173.62,3179.31,1836.1733,3129.9440000000004,3119.767,3096.2146666666667,3120.362999999999,,,49.36599999999953,False,False
50,2022-01-09 23:00:00,3179.41,3185.27,3145.03,3151.69,3836.8731,3136.7930000000006,3122.9125000000004,3097.951333333333,3119.910999999999,3134.1914,17.498599999999897,14.89699999999948,False,False
51,2022-01-10 00:00:00,3152.37,3170.45,3135.7,3137.73,5503.746,3142.6389999999997,3124.244,3101.5979999999995,3118.3667499999992,3132.9921999999997,4.737800000000334,-4.908999999999651,False,True
52,2022-01-10 01:00:00,3137.14,3152.84,3127.78,3151.51,2985.2792,3147.5589999999997,3125.198,3106.0646666666657,3116.5517499999996,3132.3962,19.113800000000083,3.9510000000004766,False,False
53,2022-01-10 02:00:00,3151.5,3159.83,3142.01,3154.3,2934.0944,3152.923,3125.6344999999997,3110.323999999999,3114.369749999999,3131.5348,22.765200000000277,1.3770000000004075,False,False
54,2022-01-10 03:00:00,3154.31,3157.7,3147.93,3155.48,1152.3707,3157.904,3126.7785,3114.9349999999995,3112.687249999999,3130.607,24.873000000000047,-2.423999999999978,False,True
55,2022-01-10 04:00:00,3154.94,3183.6,3152.07,3175.31,4164.5674,3157.8849999999998,3128.04,3119.0033333333326,3111.2267499999994,3129.2517999999995,46.0582000000004,17.425000000000182,False,False
56,2022-01-10 05:00:00,3175.31,3181.13,3168.12,3174.01,2255.3518,3156.5909999999994,3130.4249999999997,3121.542666666666,3110.2159999999994,3128.5074,45.50260000000026,17.41900000000078,False,False
57,2022-01-10 06:00:00,3174.01,3175.51,3155.8,3162.07,2911.9356,3157.015,3134.139,3124.644666666666,3110.0199999999995,3128.249799999999,33.82020000000102,5.055000000000291,False,False
58,2022-01-10 07:00:00,3162.07,3175.56,3155.39,3163.37,2789.8001,3153.273,3137.7090000000003,3127.8903333333324,3109.5299999999997,3127.3301999999994,36.03980000000047,10.096999999999753,False,False
59,2022-01-10 08:00:00,3163.38,3169.88,3138.82,3145.47,3586.0907,3150.345,3140.1445000000003,3129.959666666666,3109.7472499999994,3126.3593999999994,19.11060000000043,-4.875,False,True
60,2022-01-10 09:00:00,3145.55,3159.74,3141.29,3146.62,3260.2628,3146.865,3141.8290000000006,3130.896666666667,3110.17975,3125.3017999999997,21.31820000000016,-0.24499999999989086,False,False
61,2022-01-10 10:00:00,3146.61,3167.98,3138.5,3139.1,4125.3682,3146.491,3144.565,3131.6596666666665,3112.8212499999995,3123.9916,15.108400000000074,-7.391000000000076,False,False
62,2022-01-10 11:00:00,3139.11,3140.38,3094.85,3104.84,10723.6666,3146.7709999999997,3147.165,3132.389,3116.241249999999,3122.5956,-17.75559999999996,-41.930999999999585,False,False
63,2022-01-10 12:00:00,3104.85,3110.69,3031.63,3032.36,12040.0407,3143.478,3148.2005,3131.5823333333333,3118.6124999999993,3120.1913999999997,-87.83139999999958,-111.11799999999994,False,False
64,2022-01-10 13:00:00,3032.14,3047.89,3012.23,3021.47,10936.2791,3132.4399999999996,3145.172,3128.665666666667,3119.3112499999997,3116.6377999999995,-95.16779999999972,-110.9699999999998,False,False
65,2022-01-10 14:00:00,3021.47,3041.05,2928.63,3018.98,50591.1976,3118.87,3138.3775,3124.983333333333,3118.97,3112.7554000000005,-93.77540000000045,-99.88999999999987,False,False
66,2022-01-10 15:00:00,3018.77,3032.52,2980.59,3006.17,19194.0936,3096.526,3126.5585,3119.125333333334,3115.2884999999997,3107.4780000000005,-101.30800000000045,-90.35599999999977,False,False
67,2022-01-10 16:00:00,3006.27,3094.69,2997.0,3076.09,20097.3807,3077.773,3117.3939999999993,3115.3503333333338,3112.9267499999996,3103.5706000000005,-27.480600000000322,-1.6829999999999927,False,False
68,2022-01-10 17:00:00,3076.09,3083.54,2971.39,3012.32,24536.9752,3061.893,3107.583,3112.4370000000004,3111.3909999999996,3100.0026000000007,-87.68260000000055,-49.572999999999865,False,False
69,2022-01-10 18:00:00,3012.0,3059.97,3003.65,3043.53,10124.2355,3043.493,3096.9189999999994,3107.9273333333335,3108.343,3096.496400000001,-52.966400000000704,0.037000000000261934,False,False
70,2022-01-10 19:00:00,3043.52,3056.79,3020.41,3030.0,4634.5036,3029.976,3088.4204999999997,3104.544666666667,3105.6665000000003,3094.139,-64.13900000000012,0.023999999999887223,False,False
71,2022-01-10 20:00:00,3030.22,3088.0,3020.0,3082.12,6362.6528,3017.888,3082.1894999999995,3102.339333333334,3103.21675,3093.8346,-11.714600000000246,64.23199999999997,False,False
72,2022-01-10 21:00:00,3082.48,3095.5,3066.01,3074.75,4637.4788,3006.038,3076.4044999999996,3100.122666666667,3100.80125,3094.2006,-19.450600000000122,68.71199999999999,False,False
73,2022-01-10 22:00:00,3074.72,3085.0,3056.91,3063.11,1651.2617,3003.154,3073.316,3099.8516666666665,3099.47525,3095.5208,-32.410799999999654,59.95600000000013,False,False
74,2022-01-10 23:00:00,3063.1,3088.18,3055.0,3082.42,2508.5515,3005.6820000000002,3069.0609999999992,3098.675333333333,3097.91975,3096.5854000000004,-14.165400000000318,76.73799999999983,False,False
75,2022-01-11 00:00:00,3082.7,3086.88,3054.69,3054.7,3035.2433,3009.959,3064.4145,3095.5713333333333,3096.22725,3097.1678,-42.46780000000035,44.740999999999985,False,False
76,2022-01-11 01:00:00,3054.7,3091.65,3052.37,3091.65,3975.2333,3022.565,3059.5455,3091.894,3094.98525,3096.7438,-5.093800000000101,69.08500000000004,False,False
77,2022-01-11 02:00:00,3091.65,3128.9,3086.05,3115.81,6429.0121,3029.7429999999995,3053.758,3088.176999999999,3093.9485,3096.29,19.519999999999982,86.06700000000046,True,False
78,2022-01-11 03:00:00,3115.81,3123.33,3107.12,3119.99,2919.2843,3038.648,3050.2705000000005,3084.6046666666666,3093.98975,3096.8423999999995,23.14760000000024,81.34199999999964,False,False
79,2022-01-11 04:00:00,3119.99,3124.62,3106.6,3118.46,3095.9595,3052.2209999999995,3047.857000000001,3082.019666666666,3094.00075,3097.1185999999993,21.341400000000704,66.23900000000049,False,False
80,2022-01-11 05:00:00,3118.45,3119.54,3101.86,3111.06,1966.1168,3062.5159999999996,3046.246,3079.785666666666,3094.0375000000004,3097.0364,14.023599999999988,48.544000000000324,False,False
81,2022-01-11 06:00:00,3110.96,3122.6,3098.03,3108.0,2231.9751,3070.6609999999996,3044.2745000000004,3078.3466666666664,3094.41975,3096.7055999999993,11.294400000000678,37.3390000000004,False,False
82,2022-01-11 07:00:00,3108.0,3136.32,3105.89,3129.54,3059.7057,3078.4639999999995,3042.2510000000007,3077.091,3094.708,3096.3337999999994,33.206200000000536,51.07600000000048,False,False
83,2022-01-11 08:00:00,3129.55,3146.17,3103.25,3107.76,8019.7203,3082.4519999999998,3042.8030000000003,3076.3613333333333,3095.50175,3096.0705999999996,11.68940000000066,25.308000000000447,False,False
84,2022-01-11 09:00:00,3107.87,3133.44,3097.74,3123.17,3719.7582,3087.086,3046.384000000001,3075.069333333333,3095.778,3095.7529999999997,27.41700000000037,36.08400000000029,False,False
85,2022-01-11 10:00:00,3123.17,3132.81,3089.06,3094.0,4120.2857,3091.3599999999997,3050.6595,3073.396333333333,3094.5185,3095.2537999999995,-1.2537999999995009,2.6400000000003274,False,False
86,2022-01-11 11:00:00,3094.2,3120.32,3092.36,3111.48,5021.3228,3094.7970000000005,3058.681,3071.2960000000003,3092.61975,3094.9476,16.532400000000052,16.682999999999538,True,False
87,2022-01-11 12:00:00,3111.47,3135.32,3105.04,3122.0,3877.6442,3098.7960000000003,3064.2694999999994,3068.770666666667,3090.83175,3094.917999999999,27.08200000000079,23.203999999999724,False,False
88,2022-01-11 13:00:00,3122.01,3131.38,3107.12,3113.56,3824.5051,3100.695,3069.6714999999995,3067.0786666666672,3088.62725,3095.3308,18.229199999999764,12.864999999999782,False,False
89,2022-01-11 14:00:00,3113.55,3122.41,3075.84,3115.66,11904.674,3100.695,3076.4579999999996,3065.4696666666664,3086.6884999999993,3095.3396000000002,20.32039999999961,14.96499999999969,False,False
90,2022-01-11 15:00:00,3115.66,3157.64,3111.18,3134.0,11580.7757,3097.619,3080.0674999999997,3063.3703333333333,3084.2439999999997,3094.7538,39.246200000000044,36.38099999999986,False,False
91,2022-01-11 16:00:00,3134.15,3237.28,3130.22,3219.61,20032.9843,3098.551,3084.606,3062.366666666667,3083.397749999999,3095.2459999999996,124.36400000000049,121.0590000000002,False,False
92,2022-01-11 17:00:00,3219.71,3263.99,3201.19,3232.11,15204.9193,3101.77,3090.117,3062.090666666666,3083.2607499999995,3096.1204,135.98960000000034,130.34000000000015,False,False
93,2022-01-11 18:00:00,3232.65,3250.49,3221.88,3234.0,5805.0551,3111.3,3096.8759999999997,3065.6353333333327,3085.0959999999995,3098.6613999999995,135.3386000000005,122.69999999999982,False,False
94,2022-01-11 19:00:00,3234.31,3246.7,3217.8,3238.12,6588.179,3123.163,3105.1245000000004,3071.977,3087.0927499999993,3101.255,136.86499999999978,114.95699999999988,False,False
95,2022-01-11 20:00:00,3238.12,3249.2,3233.94,3240.46,4709.5968,3135.169,3113.2645,3078.829333333333,3088.8394999999996,3102.6486,137.81140000000005,105.29100000000017,False,False
96,2022-01-11 21:00:00,3240.62,3243.83,3227.25,3231.51,2517.4473,3149.657,3122.2270000000003,3089.0063333333333,3090.88625,3104.0271999999995,127.48280000000068,81.85300000000007,False,False
97,2022-01-11 22:00:00,3231.51,3237.82,3224.6,3233.27,1819.9605,3163.1459999999997,3130.9710000000005,3097.228333333333,3092.3645,3105.2945999999997,127.97540000000026,70.12400000000025,False,False
98,2022-01-11 23:00:00,3233.27,3249.2,3230.18,3240.72,2523.1605,3175.102,3137.8985000000002,3104.8150000000005,3094.0845000000004,3105.9221999999995,134.79780000000028,65.61799999999994,False,False
99,2022-01-12 00:00:00,3240.58,3260.6,3225.3,3234.02,4730.161,3187.408,3144.0515000000005,3113.4413333333337,3095.95425,3106.8323999999993,127.18760000000066,46.61200000000008,False,False
100,2022-01-12 01:00:00,3234.26,3241.16,3226.57,3232.14,2702.3449,3202.354,3149.9865000000004,3120.8296666666665,3098.11625,3107.865999999999,124.2740000000008,29.786000000000058,False,False
101,2022-01-12 02:00:00,3231.72,3238.66,3218.04,3229.02,2624.6313,3213.8929999999996,3156.222,3127.7016666666673,3100.2482500000006,3109.4967999999994,119.52320000000054,15.127000000000407,False,False
102,2022-01-12 03:00:00,3229.02,3240.0,3225.61,3235.34,2211.9467,3222.675,3162.2225000000003,3134.3030000000003,3102.23675,3111.1436,124.19640000000027,12.664999999999964,False,False
103,2022-01-12 04:00:00,3235.34,3244.0,3220.4,3228.57,2562.8328,3225.117,3168.2085,3139.623,3105.50575,3113.1001999999994,115.46980000000076,3.4529999999999745,False,False
104,2022-01-12 05:00:00,3228.57,3233.69,3222.27,3230.77,2419.8397,3224.969,3174.0660000000003,3145.072666666667,3110.225,3114.667999999999,116.10200000000077,5.800999999999931,False,False
105,2022-01-12 06:00:00,3230.77,3262.32,3226.76,3236.07,5967.8818,3225.416,3180.2925,3150.6483333333335,3115.4759999999997,3116.1547999999993,119.91520000000082,10.653999999999996,False,False
106,2022-01-12 07:00:00,3235.81,3239.66,3206.76,3217.75,5722.8347,3224.6980000000003,3187.1775000000002,3156.384,3122.92925,3117.6486,100.10140000000001,-6.94800000000032,False,True
107,2022-01-12 08:00:00,3217.75,3241.4,3215.91,3232.72,3982.0185,3222.6490000000003,3192.8975,3161.5303333333336,3128.5834999999997,3118.4214,114.29859999999962,10.070999999999458,False,False
108,2022-01-12 09:00:00,3232.81,3275.67,3230.02,3262.58,6242.149,3221.7800000000007,3198.4410000000003,3165.859,3134.05625,3119.6236000000004,142.95639999999958,40.79999999999927,False,False
109,2022-01-12 10:00:00,3262.41,3270.79,3245.81,3249.51,3943.8445,3221.764,3204.586,3169.9556666666667,3140.522,3121.1162,128.39380000000028,27.746000000000095,False,False
110,2022-01-12 11:00:00,3249.46,3296.1,3241.0,3273.22,10679.8042,3223.8150000000005,3213.0845,3174.596,3146.576,3123.256,149.96399999999994,49.40499999999929,False,False
111,2022-01-12 12:00:00,3273.23,3328.35,3269.3,3317.69,11013.4633,3225.2580000000003,3219.5754999999995,3179.2339999999995,3152.0907500000003,3125.2502000000004,192.43979999999965,92.43199999999979,False,False
112,2022-01-12 13:00:00,3317.69,3379.19,3302.08,3372.02,18965.9473,3230.384,3226.5295,3184.9429999999998,3158.3232500000004,3127.8662,244.15380000000005,141.63599999999997,False,False
113,2022-01-12 14:00:00,3372.02,3384.75,3351.8,3376.91,10359.6385,3238.031,3231.574,3191.4826666666672,3164.225,3132.0107999999996,244.8992000000003,138.8789999999999,False,False
114,2022-01-12 15:00:00,3376.92,3388.63,3352.9,3362.68,7267.4114,3251.1710000000003,3238.07,3199.767666666667,3171.5972500000003,3138.4141999999993,224.26580000000058,111.50899999999956,False,False
115,2022-01-12 16:00:00,3363.08,3374.98,3336.0,3371.69,6463.1909,3264.234,3244.8250000000007,3208.273,3179.04475,3145.2275999999983,226.4624000000017,107.45600000000013,False,False
116,2022-01-12 17:00:00,3371.35,3389.29,3361.06,3382.29,3899.7307,3275.158,3249.928000000001,3216.5043333333333,3186.0775000000003,3153.3749999999986,228.91500000000133,107.13200000000006,False,False
117,2022-01-12 18:00:00,3382.6,3394.0,3367.53,3373.48,4071.7918,3290.5880000000006,3256.6185000000005,3225.4610000000002,3193.79475,3160.984399999999,212.4956000000011,82.89199999999937,False,False
118,2022-01-12 19:00:00,3373.48,3385.0,3363.6,3383.26,2859.8438,3305.750000000001,3263.7650000000003,3234.210666666667,3200.8317500000003,3168.3949999999995,214.8650000000007,77.50999999999931,False,False
119,2022-01-12 20:00:00,3383.27,3393.89,3367.3,3382.43,3482.3384,3319.108,3270.436,3242.76,3207.24375,3176.239199999999,206.19080000000076,63.32199999999966,False,False
120,2022-01-12 21:00:00,3382.78,3412.11,3367.34,3367.87,5383.7125,3331.257,3277.536000000001,3252.4753333333338,3213.7612500000005,3183.512199999999,184.35780000000068,36.61299999999983,False,False
121,2022-01-12 22:00:00,3367.63,3381.77,3363.56,3363.57,1603.8818,3343.8910000000005,3284.5745,3261.0139999999997,3220.3982499999997,3190.4507999999996,173.11920000000055,19.678999999999633,False,False
122,2022-01-12 23:00:00,3363.57,3386.3,3357.29,3372.96,3202.5799,3353.317,3291.8504999999996,3268.792,3227.0364999999997,3197.3219999999997,175.63800000000037,19.64300000000003,False,False
123,2022-01-13 00:00:00,3372.58,3385.87,3350.0,3355.09,4052.3571,3358.8379999999997,3298.4344999999994,3273.995333333333,3233.3215,3203.1476000000002,151.9423999999999,-3.7479999999995925,False,True
124,2022-01-13 01:00:00,3355.08,3363.51,3332.56,3334.85,3673.0553,3358.6580000000004,3304.9145000000003,3278.266,3239.49025,3209.0094,125.8406,-23.808000000000447,False,False
125,2022-01-13 02:00:00,3334.85,3348.04,3332.44,3336.8,2033.7039,3356.6240000000007,3310.429,3282.0913333333333,3245.36075,3214.5606,122.23940000000039,-19.824000000000524,False,False
126,2022-01-13 03:00:00,3336.5,3342.35,3315.86,3339.59,3506.3762,3356.268000000001,3315.7129999999997,3285.374666666667,3251.4452499999998,3220.1156,119.47440000000006,-16.678000000000793,False,False
127,2022-01-13 04:00:00,3339.58,3354.34,3335.45,3337.93,2400.3769,3351.7480000000005,3321.168,3288.3283333333334,3257.03275,3225.3853999999997,112.54460000000017,-13.818000000000666,False,False
128,2022-01-13 05:00:00,3337.99,3344.56,3324.88,3338.05,2821.5113,3348.54,3327.1450000000004,3292.023333333333,3262.793,3230.3733999999995,107.67660000000069,-10.489999999999782,False,False
129,2022-01-13 06:00:00,3338.05,3345.93,3335.51,3342.2,1139.5499,3344.668,3331.888,3295.18,3268.237,3234.7286,107.4713999999999,-2.468000000000302,False,False
130,2022-01-13 07:00:00,3342.19,3350.0,3333.36,3341.61,2324.929,3341.489,3336.3729999999996,3298.853666666667,3274.7287499999998,3239.3068000000003,102.30319999999983,0.12100000000009459,False,False
131,2022-01-13 08:00:00,3341.61,3358.89,3338.01,3358.78,2671.308,3338.0910000000003,3340.9909999999995,3302.413333333333,3280.283249999999,3243.9368,114.84320000000025,20.68899999999985,False,False
132,2022-01-13 09:00:00,3358.79,3375.74,3349.03,3363.41,4129.5747,3335.536000000001,3344.4265,3306.4123333333328,3285.478,3248.7364000000002,114.67359999999962,27.873999999998887,False,False
133,2022-01-13 10:00:00,3363.42,3381.4,3357.0,3357.5,3067.2862,3334.7100000000005,3346.774,3310.526333333333,3289.174,3253.5991999999997,103.90080000000034,22.78999999999951,False,False
134,2022-01-13 11:00:00,3357.51,3361.22,3330.0,3335.47,3472.1375,3335.4100000000008,3347.0339999999997,3315.0796666666665,3292.5519999999997,3258.6742000000004,76.79579999999942,0.059999999999035936,False,False
135,2022-01-13 12:00:00,3335.47,3369.41,3333.56,3368.9,2713.6712,3335.154,3345.889,3318.6706666666664,3295.357,3263.3194,105.58060000000023,33.746000000000095,False,False
136,2022-01-13 13:00:00,3368.9,3381.89,3353.43,3374.53,4740.5312,3335.2659999999996,3345.7670000000007,3322.230666666666,3297.8475,3268.2094,106.32060000000001,39.26400000000058,False,False
137,2022-01-13 14:00:00,3374.5,3411.5,3366.05,3387.88,8363.3686,3339.0229999999997,3345.3854999999994,3327.119666666666,3301.0019999999995,3273.4308,114.44920000000002,48.857000000000426,False,False
138,2022-01-13 15:00:00,3387.8,3392.69,3272.42,3302.62,20289.7464,3342.083,3345.3115,3332.124333333333,3304.538249999999,3278.651,23.96900000000005,-39.46300000000019,False,True
139,2022-01-13 16:00:00,3302.62,3319.51,3288.3,3302.3,6985.2284,3336.8370000000004,3340.7525,3333.5376666666657,3305.5942499999996,3281.9569999999994,20.343000000000757,-34.53700000000026,False,False
140,2022-01-13 17:00:00,3302.2,3305.67,3250.0,3282.93,10680.795,3332.1160000000004,3336.8025000000002,3334.9539999999993,3307.16925,3286.206199999999,-3.276199999999335,-49.186000000000604,False,False
141,2022-01-13 18:00:00,3282.75,3297.56,3267.11,3272.01,4325.928,3323.78,3330.9355000000005,3335.2539999999995,3307.7549999999997,3288.982599999999,-16.972599999998693,-51.76999999999998,False,False
142,2022-01-13 19:00:00,3272.01,3292.0,3250.0,3273.07,5990.9218,3316.6899999999996,3326.1130000000003,3335.1809999999996,3308.981749999999,3291.7203999999992,-18.65039999999908,-43.619999999999436,False,False
143,2022-01-13 20:00:00,3272.64,3278.5,3233.75,3277.08,6832.134,3306.7869999999994,3320.7485,3333.4449999999997,3309.5914999999995,3292.6965999999993,-15.61659999999938,-29.706999999999425,False,False
144,2022-01-13 21:00:00,3276.79,3277.38,3266.0,3270.92,2404.5532,3294.4619999999995,3314.936,3329.5099999999998,3309.9252500000002,3292.9339999999993,-22.013999999999214,-23.54199999999946,False,False
145,2022-01-13 22:00:00,3271.15,3276.97,3246.5,3248.11,1634.213,3288.0620000000004,3311.608,3326.6133333333332,3311.0184999999997,3293.8979999999992,-45.7879999999991,-39.952000000000226,False,False
146,2022-01-13 23:00:00,3248.02,3264.8,3233.9,3241.86,2722.0951,3279.3559999999998,3307.311,3323.63,3311.5119999999997,3294.1491999999994,-52.289199999999255,-37.49599999999964,False,False
147,2022-01-14 00:00:00,3241.99,3270.57,3223.8,3269.4,4143.0865,3267.4030000000002,3303.2129999999997,3319.391333333333,3312.1904999999997,3294.282199999999,-24.882199999999102,1.9969999999998436,False,False
148,2022-01-14 01:00:00,3269.36,3270.41,3253.07,3259.72,2821.1044,3253.1780000000003,3297.6305,3314.6003333333333,3312.3877499999994,3294.2661999999987,-34.54619999999886,6.541999999999462,False,False
149,2022-01-14 02:00:00,3259.72,3276.15,3246.98,3273.78,2112.2973,3251.243,3294.040000000001,3310.916,3312.963999999999,3294.7239999999993,-20.94399999999905,22.537000000000262,False,False
150,2022-01-14 03:00:00,3273.77,3275.27,3262.71,3268.29,1943.4309,3247.111,3289.6135000000004,3306.9053333333336,3312.9932499999995,3295.1575999999995,-26.867599999999584,21.179000000000087,False,False
151,2022-01-14 04:00:00,3267.96,3286.76,3267.96,3273.67,2845.7876,3248.382,3286.0810000000006,3303.417666666667,3313.535999999999,3295.880399999999,-22.210399999999026,25.28800000000001,False,False
152,2022-01-14 05:00:00,3273.75,3308.7,3271.62,3306.39,3989.8847,3248.4669999999996,3282.5785000000005,3300.2310000000007,3313.5025,3296.878799999999,9.511200000000827,57.92300000000023,True,False
153,2022-01-14 06:00:00,3306.3,3313.39,3293.42,3293.42,3672.2739,3250.629,3278.708,3297.375333333334,3312.7410000000004,3297.798999999999,-4.378999999998996,42.79100000000017,False,False
154,2022-01-14 07:00:00,3293.43,3296.37,3265.23,3270.31,4011.2176,3256.596,3275.529,3295.4893333333334,3311.2815,3299.2594,-28.94939999999997,13.713999999999942,False,False
155,2022-01-14 08:00:00,3270.32,3271.39,3242.0,3257.99,5829.4765,3256.519,3272.2905000000005,3293.2450000000003,3309.08975,3300.1186,-42.128600000000006,1.4710000000000036,False,False
156,2022-01-14 09:00:00,3257.99,3275.7,3252.0,3263.75,2670.6752,3256.069,3267.7125000000005,3290.2303333333334,3306.7397500000006,3300.4233999999997,-36.673399999999674,7.68100000000004,False,False
157,2022-01-14 10:00:00,3263.74,3269.56,3213.48,3225.43,5847.7888,3257.879,3262.6410000000005,3288.101666666667,3304.01325,3301.3282,-75.89820000000009,-32.44900000000007,False,False
158,2022-01-14 11:00:00,3225.43,3226.0,3196.5,3202.88,8289.4631,3256.847,3255.0125000000007,3284.036,3300.1620000000003,3301.2796000000003,-98.39960000000019,-53.9670000000001,False,False
159,2022-01-14 12:00:00,3202.87,3230.89,3188.08,3212.79,4846.4991,3251.19,3251.2165000000005,3279.756666666667,3295.9845,3300.6092,-87.81919999999991,-38.40000000000009,False,False
160,2022-01-14 13:00:00,3212.67,3231.24,3204.51,3211.08,3077.5425,3245.3,3246.2055000000005,3274.8423333333335,3291.504,3299.4545999999996,-88.37459999999965,-34.220000000000255,False,False
161,2022-01-14 14:00:00,3211.09,3285.92,3205.68,3277.51,10256.7362,3239.4800000000005,3243.9310000000005,3270.5473333333334,3287.4332500000005,3298.7248,-21.21479999999974,38.029999999999745,False,False
162,2022-01-14 15:00:00,3277.5,3301.28,3256.95,3279.34,9958.4401,3233.2520000000004,3240.8595000000005,3266.136333333333,3283.4862500000004,3297.4524000000006,-18.112400000000434,46.08799999999974,False,False
163,2022-01-14 16:00:00,3279.33,3297.43,3260.0,3296.0,4347.1019,3231.7850000000003,3241.2070000000003,3263.0669999999996,3280.9777499999996,3296.549800000001,-0.5498000000011416,64.21499999999969,False,False
164,2022-01-14 17:00:00,3296.0,3308.77,3275.52,3280.34,4385.1939,3228.443,3242.5195000000003,3259.833666666666,3278.7277499999996,3294.7138000000004,-14.373800000000301,51.896999999999935,False,False
165,2022-01-14 18:00:00,3280.37,3295.45,3271.99,3292.89,3482.4437,3229.472,3242.9955,3258.0176666666666,3277.3017499999996,3293.1662,-0.27620000000024447,63.417999999999665,False,False
166,2022-01-14 19:00:00,3292.89,3329.1,3292.53,3309.38,5686.6528,3232.471,3244.27,3255.965333333333,3275.7905,3291.8860000000004,17.493999999999687,76.9090000000001,True,False
167,2022-01-14 20:00:00,3309.24,3318.66,3299.2,3304.14,3429.6598,3236.524,3247.2014999999997,3253.9353333333333,3275.20725,3290.5153999999998,13.6246000000001,67.61599999999999,False,False
168,2022-01-14 21:00:00,3304.61,3345.01,3303.09,3332.41,2794.173,3245.0960000000005,3250.9714999999997,3251.7070000000003,3274.301,3289.1488,43.26119999999992,87.3139999999994,False,False
169,2022-01-14 22:00:00,3332.41,3333.75,3314.98,3314.98,2239.7112,3255.755,3253.4725,3252.729333333333,3273.75625,3287.9386,27.041400000000067,59.22499999999991,False,False
170,2022-01-14 23:00:00,3314.99,3319.6,3294.26,3308.87,2568.8899,3268.445,3256.8724999999995,3253.6186666666667,3273.2429999999995,3286.8922000000002,21.97779999999966,40.42499999999973,False,False
171,2022-01-15 00:00:00,3308.77,3327.09,3303.21,3316.3,2870.6838,3277.4199999999996,3258.45,3255.0939999999996,3272.2654999999995,3285.4306000000006,30.869399999999587,38.880000000000564,False,False
172,2022-01-15 01:00:00,3316.05,3319.5,3296.4,3304.23,1095.3353,3287.173,3260.2124999999996,3256.297333333334,3271.3954999999996,3284.2236000000003,20.006399999999758,17.057000000000244,False,False
173,2022-01-15 02:00:00,3304.23,3316.7,3298.72,3316.69,1261.2195,3291.118,3261.4515,3257.844,3270.0797499999994,3283.0057999999995,33.6842000000006,25.572000000000116,False,False
174,2022-01-15 03:00:00,3316.69,3323.07,3305.04,3308.57,1489.4935,3294.9900000000002,3261.7165,3260.0096666666664,3268.6227499999995,3281.9801999999995,26.58980000000065,13.579999999999927,False,False
175,2022-01-15 04:00:00,3308.57,3309.96,3295.1,3305.88,2065.2708,3297.9420000000005,3263.7070000000003,3261.3109999999997,3267.9987499999997,3281.4298,24.450200000000223,7.937999999999647,False,False
176,2022-01-15 05:00:00,3305.87,3317.73,3299.44,3309.45,1193.8115,3300.2529999999997,3266.362,3262.9309999999996,3267.0372499999994,3280.6830000000004,28.76699999999937,9.197000000000116,False,False
177,2022-01-15 06:00:00,3309.45,3321.77,3304.4,3319.09,1281.4704,3300.9440000000004,3268.7340000000004,3265.115666666666,3265.6874999999995,3280.3546,38.73540000000003,18.14599999999973,False,False
178,2022-01-15 07:00:00,3319.15,3320.23,3305.67,3314.65,1556.7577,3301.464,3273.2800000000007,3267.8023333333326,3264.14625,3279.7336000000005,34.91639999999961,13.18600000000015,False,False
179,2022-01-15 08:00:00,3314.65,3325.6,3311.43,3313.28,1353.2695,3301.722,3278.738500000001,3269.555666666666,3264.9774999999995,3279.3494000000005,33.930599999999686,11.557999999999993,False,False
180,2022-01-15 09:00:00,3313.24,3333.85,3311.15,3331.49,2326.8506,3301.3669999999997,3284.906,3271.7039999999993,3265.5557499999995,3278.8677999999995,52.62220000000025,30.123000000000047,False,False
181,2022-01-15 10:00:00,3331.49,3339.62,3324.17,3324.51,2111.2935,3303.0559999999996,3290.238,3273.318666666666,3267.0844999999995,3278.4236,46.08640000000014,21.454000000000633,False,False
182,2022-01-15 11:00:00,3324.51,3325.94,3315.0,3320.23,1111.9092,3305.1520000000005,3296.1625,3275.1923333333325,3268.5109999999995,3278.1468,42.08320000000003,15.07799999999952,False,False
183,2022-01-15 12:00:00,3320.23,3321.51,3261.8,3284.49,5757.0247,3307.012,3299.065,3276.638333333333,3270.1359999999995,3277.4662,7.023799999999937,-22.52200000000039,False,True
184,2022-01-15 13:00:00,3284.48,3310.49,3276.56,3304.14,4472.9866,3303.3200000000006,3299.155,3275.584333333333,3270.8372499999996,3275.5622,28.577800000000025,0.8199999999992542,False,False
185,2022-01-15 14:00:00,3304.06,3358.48,3294.83,3340.11,7827.7237,3300.472,3299.207000000001,3275.9619999999995,3271.1012499999993,3274.4934,65.61660000000029,39.63799999999992,False,False
186,2022-01-15 15:00:00,3340.12,3373.0,3333.9,3363.03,4951.4994,3300.4450000000006,3300.3489999999997,3277.7229999999995,3272.3094999999994,3273.7187999999987,89.31120000000146,62.58499999999958,False,False
187,2022-01-15 16:00:00,3363.14,3374.31,3354.6,3359.84,2569.5477,3303.8910000000005,3302.4175000000005,3280.4529999999995,3274.809499999999,3273.3281999999995,86.51180000000068,55.948999999999614,False,False
188,2022-01-15 17:00:00,3359.84,3362.85,3348.09,3350.98,2305.6689,3308.911,3305.1875,3285.157,3278.079499999999,3273.099199999999,77.88080000000082,42.06899999999996,False,False
189,2022-01-15 18:00:00,3350.98,3351.0,3342.2,3344.49,1481.4668,3313.153,3307.4375,3290.21,3280.4549999999995,3274.612599999999,69.87740000000076,31.33699999999999,False,False
190,2022-01-15 19:00:00,3344.57,3351.7,3341.0,3351.06,836.5056,3316.2300000000005,3308.7985,3295.3473333333327,3282.8354999999997,3275.6905999999994,75.3694000000005,34.82999999999947,False,False
191,2022-01-15 20:00:00,3350.82,3371.0,3350.82,3353.3,2128.1274,3319.215,3311.1354999999994,3299.8969999999995,3284.792749999999,3277.5105999999996,75.78940000000057,34.085000000000036,False,False
192,2022-01-15 21:00:00,3352.8,3354.23,3328.4,3334.83,2259.1673,3321.88,3313.5160000000005,3304.735,3286.8642499999996,3279.1848,55.64519999999993,12.949999999999818,False,False
193,2022-01-15 22:00:00,3334.84,3342.76,3329.65,3338.92,992.4026,3323.22,3315.1160000000004,3307.116666666667,3288.2837499999996,3280.7527999999998,58.16720000000032,15.700000000000273,False,False
194,2022-01-15 23:00:00,3338.92,3345.8,3325.6,3327.75,1534.2902,3330.005,3316.6625,3309.438333333333,3289.1894999999995,3282.6707999999994,45.07920000000058,-2.255000000000109,False,True
195,2022-01-16 00:00:00,3327.75,3336.47,3317.2,3332.76,1970.9848,3334.9090000000006,3317.6904999999997,3311.1076666666672,3290.6987499999996,3283.8628,48.89720000000034,-2.149000000000342,False,False
196,2022-01-16 01:00:00,3332.76,3338.49,3322.11,3322.11,1417.2268,3337.1459999999997,3318.7955,3312.6146666666664,3292.5787499999997,3285.2768,36.83320000000003,-15.035999999999603,False,False
197,2022-01-16 02:00:00,3322.12,3327.2,3295.57,3305.63,2320.6478,3335.9669999999996,3319.929,3313.6006666666667,3294.3314999999993,3287.0409999999993,18.58900000000085,-30.336999999999534,False,False
198,2022-01-16 03:00:00,3305.27,3321.15,3300.72,3314.91,1638.7991,3330.0640000000008,3319.4875,3313.4796666666666,3296.38375,3288.4763999999996,26.433600000000297,-15.154000000000906,False,False
199,2022-01-16 04:00:00,3315.02,3323.0,3308.87,3319.36,1584.9762,3325.3269999999998,3319.2399999999993,3313.400666666667,3298.98925,3289.4294,29.93060000000014,-5.9669999999996435,False,False
200,2022-01-16 05:00:00,3318.93,3324.2,3307.82,3307.82,1197.2176,3321.994,3319.112,3313.197,3302.0089999999996,3290.6672,17.152800000000298,-14.173999999999978,False,False
201,2022-01-16 06:00:00,3307.81,3337.6,3305.7,3335.65,1524.0649,3318.6760000000004,3318.9455000000003,3313.649,3304.5917499999996,3291.5693999999994,44.080600000000686,16.973999999999705,False,False
202,2022-01-16 07:00:00,3335.66,3340.0,3329.75,3333.23,1822.5004,3314.1639999999998,3318.022,3313.7320000000004,3307.09225,3292.3242,40.9058,19.06600000000026,False,False
203,2022-01-16 08:00:00,3333.23,3338.0,3312.28,3312.68,1561.6265,3314.2990000000004,3318.7595,3314.843666666667,3308.91225,3293.4868,19.193199999999706,-1.6190000000005966,False,True
204,2022-01-16 09:00:00,3312.78,3324.96,3310.03,3320.69,1457.5683,3312.5620000000004,3321.2835,3315.295666666667,3310.2192500000006,3293.864,26.826000000000022,8.127999999999702,False,False
205,2022-01-16 10:00:00,3320.68,3334.55,3306.0,3307.23,2175.7234,3311.0049999999997,3322.957,3315.462,3311.082000000001,3294.76,12.4699999999998,-3.774999999999636,False,True
206,2022-01-16 11:00:00,3307.23,3320.1,3286.01,3313.56,3538.4364,3309.8849999999998,3323.5155,3315.8253333333337,3311.9322499999994,3296.04,17.519999999999982,3.675000000000182,False,False
207,2022-01-16 12:00:00,3313.56,3345.24,3313.56,3333.71,2982.4041,3306.275,3321.121,3315.3776666666668,3311.7692500000003,3296.7202,36.98979999999983,27.434999999999945,False,False
208,2022-01-16 13:00:00,3333.72,3344.79,3275.55,3341.28,8525.7932,3308.0739999999996,3319.0690000000004,3315.6829999999995,3312.12825,3298.7218000000007,42.55819999999949,33.206000000000586,False,False
209,2022-01-16 14:00:00,3341.29,3363.43,3330.0,3352.03,6613.2598,3305.557,3315.442,3314.678999999999,3311.43975,3300.3028000000004,51.72719999999981,46.47300000000041,False,False
210,2022-01-16 15:00:00,3351.94,3361.7,3342.2,3354.13,2732.6493,3307.6700000000005,3314.832,3315.2980000000002,3311.8152499999997,3303.1412,50.98880000000008,46.45999999999958,False,False
211,2022-01-16 16:00:00,3354.51,3394.5,3346.02,3372.03,5313.3878,3311.108,3314.892,3316.3329999999996,3313.0137499999996,3305.895,66.13500000000022,60.922000000000025,False,False
212,2022-01-16 17:00:00,3372.04,3376.27,3345.0,3347.61,2591.2584,3315.1400000000003,3314.6519999999996,3317.061333333333,3314.084,3308.7018,38.908200000000306,32.4699999999998,False,False
213,2022-01-16 18:00:00,3347.61,3354.53,3345.07,3348.17,1495.6504,3316.665,3315.482,3318.061333333333,3315.2990000000004,3310.4628,37.707200000000284,31.50500000000011,False,False
214,2022-01-16 19:00:00,3348.61,3350.62,3313.33,3321.82,3162.2847,3319.9440000000004,3316.2529999999997,3320.837,3316.45775,3312.1642000000006,9.655799999999545,1.875999999999749,False,False
215,2022-01-16 20:00:00,3322.12,3338.38,3312.01,3334.51,2053.6417,3320.274,3315.6394999999998,3322.0626666666667,3316.665,3312.9204000000004,21.58959999999979,14.236000000000331,False,False
216,2022-01-16 21:00:00,3334.54,3338.5,3327.78,3331.21,953.0954,3320.875,3315.3799999999997,3322.635333333333,3317.08775,3313.7207999999996,17.489200000000437,10.335000000000036,False,False
217,2022-01-16 22:00:00,3331.31,3353.61,3329.94,3349.86,1564.1433,3325.0520000000006,3315.6635,3322.4313333333334,3317.7962500000003,3314.4258,35.434200000000146,24.807999999999538,False,False
218,2022-01-16 23:00:00,3349.87,3363.32,3346.79,3348.0,2276.9079,3326.69,3317.382,3321.609333333334,3318.4347499999994,3315.0406,32.95940000000019,21.309999999999945,False,False
219,2022-01-17 00:00:00,3348.2,3358.73,3325.87,3327.16,2914.3056,3333.814,3319.6854999999996,3321.566,3319.4627499999997,3315.9146,11.24539999999979,-6.653999999999996,False,True
220,2022-01-17 01:00:00,3327.15,3332.63,3315.1,3321.2,1697.3632,3333.4009999999994,3320.5355000000004,3321.0216666666665,3319.8237500000005,3316.1324,5.067599999999857,-12.200999999999567,False,False
221,2022-01-17 02:00:00,3321.19,3328.01,3312.03,3326.9,2123.4161,3330.691,3320.8995000000004,3320.1583333333333,3319.9224999999997,3316.5492,10.350800000000163,-3.7909999999997126,False,False
222,2022-01-17 03:00:00,3326.9,3330.97,3258.12,3260.08,5893.1015,3327.292,3321.2160000000003,3318.865333333333,3319.619,3316.7255999999998,-56.64559999999983,-67.21199999999999,False,False
223,2022-01-17 04:00:00,3260.13,3286.26,3253.07,3255.83,5660.6376,3318.6040000000003,3317.6345,3316.5226666666663,3318.197,3315.9600000000005,-60.130000000000564,-62.77400000000034,False,False
224,2022-01-17 05:00:00,3255.68,3269.09,3237.39,3267.01,5618.1204,3309.404,3314.6740000000004,3313.97,3317.9787499999998,3315.047,-48.03699999999981,-42.39399999999978,False,False
225,2022-01-17 06:00:00,3267.01,3283.9,3264.41,3275.24,3780.6521,3301.81,3311.0420000000004,3311.0296666666663,3316.9995000000004,3313.694000000001,-38.45400000000109,-26.570000000000164,False,False
226,2022-01-17 07:00:00,3274.79,3301.47,3271.4,3272.37,4471.447,3297.05,3308.9625,3309.2699999999995,3316.239,3313.080200000001,-40.710200000000896,-24.68000000000029,False,False
227,2022-01-17 08:00:00,3272.49,3279.24,3252.69,3272.89,6694.4867,3291.4119999999994,3308.232,3307.5796666666665,3314.6765,3312.5194000000006,-39.629400000000714,-18.52199999999948,False,False
228,2022-01-17 09:00:00,3272.75,3283.0,3264.48,3275.31,2577.7584,3283.6870000000004,3305.1885,3306.150333333333,3312.12875,3311.4852,-36.17520000000013,-8.377000000000407,False,False
229,2022-01-17 10:00:00,3275.1,3280.0,3256.15,3275.0,2402.3892,3275.4559999999997,3304.6350000000007,3304.942333333333,3310.0385,3310.6614,-35.66139999999996,-0.4559999999996762,False,False
230,2022-01-17 11:00:00,3275.0,3281.0,3255.8,3257.3,2778.7479,3268.484,3300.9424999999997,3303.185,3307.8872499999998,3309.5558000000005,-52.25580000000036,-11.183999999999742,False,False
231,2022-01-17 12:00:00,3257.22,3281.76,3235.93,3261.85,6027.745,3262.5539999999996,3296.6225,3301.451,3305.7572499999997,3308.4488,-46.59880000000021,-0.7039999999997235,False,False
232,2022-01-17 13:00:00,3261.44,3276.84,3257.74,3269.08,2224.1022,3254.944,3291.118000000001,3299.125333333333,3302.8849999999998,3306.684,-37.60400000000027,14.135999999999967,False,False
233,2022-01-17 14:00:00,3269.08,3277.45,3250.69,3257.44,3665.7416,3254.906,3286.755000000001,3296.725,3301.1184999999996,3305.5388000000003,-48.09880000000021,2.5340000000001055,False,False
234,2022-01-17 15:00:00,3257.44,3259.71,3223.04,3237.51,5093.3649,3254.6679999999997,3282.036,3294.672,3299.1444999999994,3305.3165999999997,-67.80659999999943,-17.157999999999447,False,False
235,2022-01-17 16:00:00,3237.93,3247.94,3209.39,3229.39,5576.4945,3253.2329999999997,3277.5215000000003,3291.7723333333333,3296.580499999999,3304.2462,-74.85620000000017,-23.842999999999847,False,False
236,2022-01-17 17:00:00,3229.39,3232.8,3194.28,3208.42,5514.352,3247.731,3272.3905000000004,3288.551999999999,3293.8852499999994,3302.5373999999997,-94.11739999999963,-39.31100000000015,False,False
237,2022-01-17 18:00:00,3208.75,3219.04,3181.16,3217.91,4031.491,3240.019,3265.7155000000002,3285.494333333333,3290.6894999999995,3299.745,-81.83500000000004,-22.108999999999924,False,False
238,2022-01-17 19:00:00,3217.91,3227.11,3213.59,3219.83,1836.7935,3232.866,3258.276500000001,3281.0809999999997,3287.82925,3296.2762,-76.44619999999986,-13.036000000000058,False,False
239,2022-01-17 20:00:00,3220.16,3225.79,3208.9,3210.0,1466.5578,3227.777,3251.6165,3279.0156666666667,3285.6509999999994,3293.5861999999997,-83.58619999999974,-17.777000000000044,False,False
240,2022-01-17 21:00:00,3210.01,3212.66,3152.67,3166.98,4938.2206,3223.052,3245.7679999999996,3274.9789999999994,3283.15175,3290.9201999999996,-123.94019999999955,-56.072000000000116,False,False
241,2022-01-17 22:00:00,3166.97,3217.0,3142.56,3193.65,4025.4066,3212.739,3237.6464999999994,3268.6613333333325,3279.2729999999997,3287.1535999999996,-93.50359999999955,-19.088999999999942,False,False
242,2022-01-17 23:00:00,3193.64,3221.64,3192.74,3210.26,2266.7281,3203.402000000001,3229.173,3261.8793333333333,3275.1944999999996,3282.9884,-72.72839999999997,6.857999999999265,False,False
243,2022-01-18 00:00:00,3210.44,3236.09,3206.03,3229.47,3339.5201,3196.9020000000005,3225.9039999999995,3256.8040000000005,3271.76925,3280.2752,-50.80520000000024,32.5679999999993,False,False
244,2022-01-18 01:00:00,3229.47,3244.91,3219.2,3224.12,2409.4752,3192.436,3223.5519999999988,3252.169333333333,3269.113,3277.8027999999995,-53.68279999999959,31.68399999999974,False,False
245,2022-01-18 02:00:00,3224.46,3228.17,3210.15,3219.35,1797.609,3192.052,3222.6424999999995,3249.0316666666668,3266.8422499999997,3275.6748,-56.32479999999987,27.297999999999774,False,False
246,2022-01-18 03:00:00,3219.49,3220.46,3177.17,3183.65,3695.3226,3192.128,3219.9294999999993,3245.6363333333334,3264.445999999999,3273.5337999999992,-89.88379999999916,-8.478000000000065,False,False
247,2022-01-18 04:00:00,3183.64,3189.14,3164.32,3176.37,2999.412,3190.417,3215.218,3240.6159999999995,3261.7249999999995,3270.635,-94.26500000000033,-14.047000000000025,False,False
248,2022-01-18 05:00:00,3176.36,3184.55,3165.78,3175.4,1625.4292,3188.733,3210.7994999999996,3235.095333333333,3257.9939999999997,3268.01,-92.61000000000013,-13.333000000000084,False,False
249,2022-01-18 06:00:00,3175.43,3207.18,3175.43,3202.21,5021.8958,3183.9519999999998,3205.864499999999,3229.0616666666665,3255.24975,3265.3112,-63.10120000000006,18.258000000000266,False,False
250,2022-01-18 07:00:00,3202.22,3206.16,3182.82,3188.55,3574.9799,3180.6050000000005,3201.8284999999996,3224.0469999999996,3251.3854999999994,3262.6424000000006,-74.09240000000045,7.944999999999709,False,False
251,2022-01-18 08:00:00,3188.84,3189.44,3150.56,3158.02,6609.4437,3183.62,3198.1794999999993,3219.6376666666665,3247.4009999999994,3260.1423999999997,-102.12239999999974,-25.59999999999991,False,False
252,2022-01-18 09:00:00,3158.46,3176.06,3128.43,3166.6,7640.9519,3184.42,3193.911,3214.255333333333,3242.5145,3257.0396,-90.43960000000015,-17.820000000000164,False,False
253,2022-01-18 10:00:00,3166.89,3192.56,3157.99,3175.74,4660.859,3177.989,3187.4455,3209.9323333333323,3237.10025,3253.0132,-77.27320000000009,-2.249000000000251,False,False
254,2022-01-18 11:00:00,3176.02,3176.86,3154.48,3172.0,5055.6968,3173.185,3182.8104999999996,3206.762999999999,3232.4232499999994,3249.9274,-77.92740000000003,-1.1849999999999454,False,False
255,2022-01-18 12:00:00,3172.0,3181.8,3147.0,3163.05,6981.1306,3166.713,3179.3824999999997,3203.9993333333327,3228.4519999999998,3246.8164,-83.76639999999998,-3.663000000000011,False,False
256,2022-01-18 13:00:00,3163.31,3167.76,3111.0,3140.18,9545.0523,3160.398,3176.263,3200.0856666666664,3224.3267499999997,3243.6363999999994,-103.45639999999958,-20.218000000000302,False,False
257,2022-01-18 14:00:00,3140.18,3144.79,3100.5,3120.26,10196.643,3153.781,3172.0989999999997,3194.7389999999996,3218.9072499999993,3240.1361999999995,-119.87619999999924,-33.52099999999973,False,False
258,2022-01-18 15:00:00,3120.26,3145.06,3112.76,3117.15,6354.87,3147.3990000000003,3168.066,3189.6659999999993,3213.17125,3235.8749999999995,-118.72499999999945,-30.24900000000025,False,False
259,2022-01-18 16:00:00,3117.14,3140.72,3101.7,3132.18,5368.6996,3142.097,3163.0245,3184.608666666666,3207.3204999999994,3232.6191999999996,-100.4391999999998,-9.917000000000371,False,False
260,2022-01-18 17:00:00,3132.13,3134.08,3103.78,3104.83,3648.0791,3134.724,3157.6645,3179.460333333333,3201.7162499999995,3228.0531999999994,-123.22319999999945,-29.894000000000233,False,False
261,2022-01-18 18:00:00,3104.82,3115.2,3083.17,3108.16,5370.7645,3126.82,3155.22,3174.392999999999,3196.433249999999,3223.2848,-115.12480000000005,-18.66000000000031,False,False
262,2022-01-18 19:00:00,3108.16,3134.05,3105.39,3128.64,3267.3113,3120.0810000000006,3152.2504999999996,3169.3009999999995,3190.7117499999995,3218.0278000000008,-89.38780000000088,8.558999999999287,False,False
263,2022-01-18 20:00:00,3128.5,3132.74,3100.83,3124.24,3261.3024,3117.7769999999996,3147.883,3164.222666666666,3186.893499999999,3213.2356000000013,-88.99560000000156,6.463000000000193,False,False
264,2022-01-18 21:00:00,3124.43,3169.99,3119.16,3163.7,5548.5338,3112.061,3142.623,3159.227333333333,3183.0874999999987,3208.3508,-44.650800000000345,51.63899999999967,False,False
265,2022-01-18 22:00:00,3163.81,3193.87,3155.79,3179.87,2797.0797,3108.5289999999995,3137.621,3155.7646666666665,3180.1317499999996,3204.4674000000005,-24.59740000000056,71.34100000000035,False,False
266,2022-01-18 23:00:00,3179.87,3182.6,3158.19,3160.87,2337.6421,3109.408,3134.9029999999993,3153.978,3177.4162499999993,3201.343000000001,-40.47300000000132,51.46199999999999,False,False
267,2022-01-19 00:00:00,3160.87,3170.38,3144.58,3154.03,2584.9381,3114.1269999999995,3133.9539999999997,3152.7749999999996,3174.5859999999993,3197.9512000000004,-43.921200000000226,39.9030000000007,False,False
268,2022-01-19 01:00:00,3154.04,3174.98,3154.04,3171.91,2011.1691,3118.535,3132.967,3151.5556666666666,3171.8832499999994,3194.244,-22.334000000000287,53.375,False,False
269,2022-01-19 02:00:00,3171.9,3176.09,3151.9,3158.77,2737.9231,3122.6629999999996,3132.38,3149.5706666666665,3169.1222499999994,3190.389,-31.619000000000142,36.107000000000426,False,False
270,2022-01-19 03:00:00,3158.77,3159.18,3089.04,3100.04,11337.7956,3127.683,3131.2035000000005,3147.6706666666664,3166.515999999999,3186.9096000000004,-86.86960000000045,-27.64300000000003,False,False
271,2022-01-19 04:00:00,3100.04,3114.56,3097.98,3102.03,5073.3381,3126.2090000000003,3126.5145,3145.549666666666,3162.346999999999,3182.3884,-80.35839999999962,-24.179000000000087,False,False
272,2022-01-19 05:00:00,3102.02,3114.75,3099.16,3106.88,3303.2727,3127.69,3123.885500000001,3144.063666666666,3158.8982499999993,3178.1074,-71.22739999999976,-20.809999999999945,False,False
273,2022-01-19 06:00:00,3106.88,3111.64,3090.43,3100.82,2256.1468,3127.067,3122.422,3140.9443333333325,3154.9337499999992,3174.9281999999994,-74.10819999999921,-26.246999999999844,False,False
274,2022-01-19 07:00:00,3100.82,3100.82,3048.01,3062.27,9214.3084,3126.027,3119.044000000001,3137.090999999999,3150.927249999999,3171.675399999999,-109.40539999999919,-63.75700000000006,False,False
275,2022-01-19 08:00:00,3062.27,3070.82,3047.23,3064.79,4740.7813,3118.9119999999994,3113.7205000000004,3131.3846666666655,3146.5514999999987,3167.8877999999995,-103.09779999999955,-54.12199999999939,False,False
276,2022-01-19 09:00:00,3064.79,3092.87,3061.01,3087.0,4535.5917,3108.056,3108.7320000000004,3125.9539999999984,3142.497499999999,3163.5442000000003,-76.54420000000027,-21.05600000000004,False,False
277,2022-01-19 10:00:00,3086.88,3089.02,3051.74,3078.94,5851.4618,3098.3379999999997,3106.2325000000005,3122.081999999998,3139.1657499999988,3159.3364,-80.39640000000009,-19.397999999999683,False,False
278,2022-01-19 11:00:00,3078.69,3130.0,3077.06,3118.12,10624.8098,3089.053999999999,3103.7945000000004,3118.3293333333327,3135.930249999999,3155.3174,-37.197400000000016,29.066000000000713,False,False
279,2022-01-19 12:00:00,3118.12,3133.27,3112.68,3119.88,3983.1176,3081.356,3102.0095000000006,3115.371999999999,3132.516999999999,3151.5689999999995,-31.688999999999396,38.52399999999989,False,False
280,2022-01-19 13:00:00,3120.0,3144.28,3116.92,3124.3,3925.3038,3077.434,3102.5585000000005,3113.280333333333,3130.111499999999,3148.6995999999995,-24.399599999999282,46.865999999999985,False,False
281,2022-01-19 14:00:00,3124.3,3162.0,3111.71,3158.99,5646.8343,3080.222,3103.2155000000007,3111.083666666666,3129.217749999999,3145.9219999999996,13.068000000000211,78.76799999999957,True,False
282,2022-01-19 15:00:00,3159.0,3161.59,3115.0,3124.12,5284.2415,3081.5950000000003,3104.6425,3109.7886666666664,3128.446499999999,3143.4375999999993,-19.317599999999402,42.524999999999636,False,False
283,2022-01-19 16:00:00,3124.04,3132.82,3083.73,3101.59,6637.5758,3083.179,3105.123,3109.3409999999994,3126.502999999999,3140.582799999999,-38.99279999999908,18.411000000000058,False,False
284,2022-01-19 17:00:00,3101.3,3159.02,3100.72,3152.01,6057.0894,3082.509,3104.268,3106.8656666666666,3123.445499999999,3137.2435999999993,14.766400000000885,69.5010000000002,True,False
285,2022-01-19 18:00:00,3152.01,3157.6,3127.6,3137.14,2593.6328,3087.7799999999997,3103.346,3105.0736666666667,3120.483499999999,3134.797199999999,2.342800000000807,49.36000000000013,False,False
286,2022-01-19 19:00:00,3137.14,3141.48,3116.27,3129.02,3166.068,3095.817,3101.9365,3104.4270000000006,3118.4197499999987,3133.1613999999995,-4.141399999999521,33.202999999999975,False,False
287,2022-01-19 20:00:00,3129.27,3139.38,3104.28,3109.08,3937.9954,3101.343,3099.8404999999993,3104.602666666667,3116.897249999999,3131.601199999999,-22.521199999999226,7.73700000000008,False,False
288,2022-01-19 21:00:00,3109.09,3127.57,3109.09,3114.32,2448.7767,3106.5969999999998,3097.8254999999995,3104.7286666666673,3115.3962499999993,3130.0635999999995,-15.743599999999333,7.723000000000411,False,False
289,2022-01-19 22:00:00,3114.42,3130.39,3105.92,3127.69,1504.6916,3109.8,3095.578,3104.606333333334,3113.9789999999994,3127.9735999999994,-0.2835999999992964,17.889999999999873,False,False
290,2022-01-19 23:00:00,3127.96,3128.47,3083.51,3085.12,2319.9142,3109.124,3093.279,3104.7470000000008,3112.24125,3125.9139999999998,-40.79399999999987,-24.003999999999905,False,False
291,2022-01-20 00:00:00,3085.11,3123.13,3084.82,3114.12,2596.6744,3105.7830000000004,3093.0024999999996,3104.0713333333338,3109.7584999999995,3124.5307999999995,-10.410799999999654,8.336999999999534,False,False
292,2022-01-20 01:00:00,3113.91,3120.82,3094.45,3113.42,1777.6409,3103.094,3092.3445,3104.1263333333336,3108.115,3123.3759999999997,-9.955999999999676,10.326000000000022,False,False
293,2022-01-20 02:00:00,3113.51,3130.9,3113.51,3123.67,1955.7112,3101.039,3092.1089999999995,3103.7616666666668,3107.2654999999995,3121.4102,2.2598000000002685,22.630999999999858,True,False
294,2022-01-20 03:00:00,3123.81,3132.93,3117.0,3126.05,1402.9664,3104.017,3093.2629999999995,3104.184333333333,3106.1535,3119.5598,6.490200000000186,22.033000000000357,False,False
295,2022-01-20 04:00:00,3126.1,3137.11,3122.01,3125.38,1247.1075,3105.6449999999995,3096.7124999999996,3104.1123333333326,3105.2165,3117.5158,7.8641999999999825,19.735000000000582,False,False
296,2022-01-20 05:00:00,3125.24,3132.75,3112.61,3128.86,1801.5253,3105.0860000000002,3100.4515,3102.986333333333,3104.59175,3115.7530000000006,13.106999999999516,23.773999999999887,False,False
297,2022-01-20 06:00:00,3128.79,3148.08,3128.32,3145.65,1992.6397,3104.7200000000003,3103.0315,3101.466999999999,3104.632,3114.4618,31.18820000000005,40.929999999999836,False,False
298,2022-01-20 07:00:00,3145.48,3154.89,3135.99,3139.05,3362.1731,3107.1240000000007,3106.8605,3100.9249999999997,3105.3275000000003,3113.7418,25.308200000000397,31.925999999999476,False,False
299,2022-01-20 08:00:00,3139.28,3143.22,3123.49,3130.59,2230.8035,3109.814,3109.807,3100.3233333333333,3105.9082500000004,3113.1459999999997,17.444000000000415,20.776000000000295,False,False
300,2022-01-20 09:00:00,3130.91,3148.94,3117.85,3144.82,2985.6558,3111.571,3110.3475,3099.3763333333336,3106.4530000000004,3112.1072,32.71280000000024,33.24900000000025,False,False
301,2022-01-20 10:00:00,3145.01,3149.0,3135.31,3140.4,3478.201,3115.0049999999997,3110.394,3100.336666666667,3106.8047500000007,3110.8077999999996,29.592200000000503,25.395000000000437,False,False
302,2022-01-20 11:00:00,3140.4,3155.17,3140.4,3152.61,2716.5441,3120.0539999999996,3111.5739999999996,3101.581,3108.10825,3110.5027999999998,42.107200000000375,32.556000000000495,False,False
303,2022-01-20 12:00:00,3152.61,3153.42,3128.15,3136.43,5328.9052,3124.6490000000003,3112.844,3102.955666666667,3108.9835000000003,3110.7421999999992,25.687800000000607,11.780999999999494,False,False
304,2022-01-20 13:00:00,3136.36,3183.18,3133.25,3182.42,8263.9295,3126.1130000000003,3115.0649999999996,3104.213,3109.6665000000003,3110.1453999999994,72.27460000000065,56.30699999999979,False,False
305,2022-01-20 14:00:00,3182.41,3224.0,3182.41,3220.4,13813.2191,3127.7380000000003,3116.6915,3107.0543333333335,3110.0187499999997,3109.7207999999996,110.67920000000049,92.66199999999981,False,False
306,2022-01-20 15:00:00,3220.4,3270.52,3218.4,3261.31,11400.6719,3133.7780000000002,3119.432,3111.560333333334,3110.68425,3110.4289999999996,150.8810000000003,127.5319999999997,False,False
307,2022-01-20 16:00:00,3261.9,3272.7,3239.06,3246.46,4756.3172,3144.3570000000004,3124.5384999999997,3116.8066666666664,3112.1894999999995,3112.577,133.8829999999998,102.10299999999961,False,False
308,2022-01-20 17:00:00,3246.75,3251.71,3226.2,3233.17,3561.3525,3155.431,3131.2774999999997,3123.0506666666665,3114.5514999999996,3115.3482,117.82180000000017,77.73900000000003,False,False
309,2022-01-20 18:00:00,3233.52,3235.87,3208.29,3208.51,7335.2961,3164.452,3137.133,3128.021999999999,3116.3554999999997,3117.6170000000006,90.89299999999957,44.05799999999999,False,False
310,2022-01-20 19:00:00,3208.78,3246.91,3204.81,3216.06,5079.3547,3172.9320000000002,3142.2515,3131.2089999999994,3117.7652499999995,3119.7488000000008,96.31119999999919,43.1279999999997,False,False
311,2022-01-20 20:00:00,3216.05,3219.69,3184.69,3196.05,4377.6476,3181.6280000000006,3148.3164999999995,3134.138666666666,3120.6594999999993,3121.7694000000006,74.2805999999996,14.42199999999957,False,False
312,2022-01-20 21:00:00,3196.16,3198.77,3081.81,3081.96,18054.9329,3186.566,3153.31,3136.571333333333,3122.8272499999994,3123.7998000000002,-41.839800000000196,-104.60599999999977,False,True
313,2022-01-20 22:00:00,3081.97,3108.48,3025.43,3061.38,12421.9214,3180.707,3152.678,3135.4649999999992,3122.3934999999997,3123.3282,-61.948199999999815,-119.32699999999977,False,False
314,2022-01-20 23:00:00,3061.39,3062.0,2988.41,3002.03,11124.1898,3170.4350000000004,3148.2740000000003,3133.5216666666656,3120.768499999999,3121.8202,-119.79019999999991,-168.4050000000002,False,False
315,2022-01-21 00:00:00,3002.03,3033.49,2972.74,3017.09,8666.8666,3155.951,3141.8445,3129.777999999999,3119.2784999999994,3119.2052000000003,-102.11520000000019,-138.86099999999988,False,False
316,2022-01-21 01:00:00,3017.15,3020.34,2895.31,2900.98,15698.3438,3134.9840000000004,3134.3809999999994,3124.6159999999995,3117.4162499999998,3115.5442,-214.5641999999998,-234.00400000000036,False,False
317,2022-01-21 02:00:00,2901.0,2955.52,2879.79,2908.48,19873.4042,3102.675,3123.516,3117.2506666666663,3113.2737499999994,3110.286599999999,-201.80659999999898,-194.19500000000016,False,False
318,2022-01-21 03:00:00,2908.48,2918.8,2810.0,2837.53,28706.1497,3066.748,3111.0894999999996,3109.767666666666,3108.9749999999995,3104.9907999999996,-267.4607999999994,-229.21799999999985,False,False
319,2022-01-21 04:00:00,2837.63,2881.51,2836.24,2863.09,7530.7988,3025.128,3094.7899999999995,3099.798,3102.298499999999,3098.109999999999,-235.01999999999907,-162.038,False,False
320,2022-01-21 05:00:00,2863.09,2877.57,2850.3,2859.68,7077.1915,2987.9230000000002,3080.4275,3090.8086666666663,3095.3874999999994,3091.796799999999,-232.11679999999933,-128.2430000000004,False,False
321,2022-01-21 06:00:00,2859.68,2867.12,2833.67,2846.08,6658.202,2952.4719999999998,3067.05,3083.0349999999994,3088.7219999999993,3087.021999999999,-240.9419999999991,-106.39199999999983,False,False
322,2022-01-21 07:00:00,2846.08,2895.68,2835.45,2883.45,9591.348,2917.37,3051.968,3074.663333333333,3081.7709999999997,3081.735799999999,-198.2857999999992,-33.92000000000007,False,False
323,2022-01-21 08:00:00,2883.45,2899.99,2878.48,2892.75,6792.4867,2892.734,3036.7205,3066.0299999999997,3074.7822499999993,3076.4615999999996,-183.71159999999963,0.016000000000076398,False,False
324,2022-01-21 09:00:00,2892.75,2894.26,2869.01,2869.85,6351.6638,2878.0389999999998,3024.237,3058.1956666666665,3069.650999999999,3072.2226,-202.37260000000015,-8.18899999999985,False,False
325,2022-01-21 10:00:00,2869.71,2887.6,2862.96,2873.54,6087.3135,2866.0990000000006,3011.025,3049.929333333333,3063.858249999999,3068.6426,-195.10260000000017,7.440999999999349,False,False
326,2022-01-21 11:00:00,2873.53,2877.71,2835.0,2847.93,7786.9826,2855.121,2995.0525000000002,3041.294333333333,3057.2422499999993,3064.9572000000003,-217.02720000000045,-7.191000000000258,False,False
327,2022-01-21 12:00:00,2847.94,2854.91,2732.48,2777.39,31853.6877,2849.0899999999992,2975.8825,3032.0406666666668,3050.2104999999997,3060.437,-283.047,-71.69999999999936,False,False
328,2022-01-21 13:00:00,2778.06,2815.23,2759.3,2797.66,13126.3829,2834.359,2950.5535,3018.8459999999995,3040.9154999999996,3054.0518000000006,-256.3918000000008,-36.69900000000007,False,False
329,2022-01-21 14:00:00,2797.65,2834.79,2765.48,2783.99,12087.8213,2829.2889999999998,2927.2085000000006,3006.2896666666657,3032.1707499999998,3047.6965999999998,-263.7066,-45.29899999999998,False,False
330,2022-01-21 15:00:00,2783.97,2853.43,2766.41,2830.65,16809.7504,2822.2129999999997,2905.0680000000007,2994.3559999999998,3023.65975,3040.7526000000003,-210.10260000000017,8.437000000000353,False,False
331,2022-01-21 16:00:00,2830.65,2861.16,2791.4,2809.86,9151.6785,2813.8239999999996,2883.148,2982.6413333333335,3015.7322499999996,3033.7424,-223.88239999999996,-3.963999999999487,False,False
332,2022-01-21 17:00:00,2810.15,2815.36,2766.7,2780.78,6447.6593,2809.597,2863.4835000000003,2971.177666666666,3008.3967499999994,3027.3361999999993,-246.55619999999908,-28.817000000000007,False,False
333,2022-01-21 18:00:00,2780.77,2807.0,2755.32,2766.57,9254.4277,2802.722,2847.728,2958.7209999999995,3000.2029999999995,3020.3701999999994,-253.80019999999922,-36.152000000000044,False,False
334,2022-01-21 19:00:00,2766.51,2790.66,2738.62,2742.13,7576.3558,2790.406,2834.2225000000008,2946.2933333333335,2991.2482499999996,3013.8019999999997,-271.67199999999957,-48.27599999999984,False,False
335,2022-01-21 20:00:00,2742.32,2764.44,2700.03,2745.05,19239.7282,2777.367,2821.7330000000006,2933.1389999999997,2981.7887499999997,3006.5599999999995,-261.5099999999993,-32.31700000000001,False,False
336,2022-01-21 21:00:00,2745.04,2757.46,2559.0,2607.69,29364.74473,2761.0739999999996,2808.0975000000003,2917.0596666666665,2971.2392499999996,2998.0085999999997,-390.3185999999996,-153.38399999999956,False,False
337,2022-01-21 22:00:00,2607.69,2647.95,2500.0,2544.97,20629.93942,2733.4739999999997,2791.2819999999997,2895.0796666666665,2957.399,2986.8631999999993,-441.8931999999995,-188.5039999999999,False,False
338,2022-01-21 23:00:00,2545.51,2598.94,2460.0,2568.12,26261.73543,2710.2259999999997,2772.2925,2870.4443333333334,2941.691,2974.7776,-406.6576,-142.10599999999977,False,False
339,2022-01-22 00:00:00,2568.39,2626.42,2550.0,2592.42,16835.2781,2680.2959999999994,2754.7925,2844.9043333333334,2924.7912499999993,2961.7957999999994,-369.37579999999934,-87.8759999999993,False,False
340,2022-01-22 01:00:00,2592.34,2618.04,2581.58,2608.58,12219.7874,2658.7479999999996,2740.4804999999997,2822.961333333334,2910.4539999999997,2950.677399999999,-342.0973999999992,-50.167999999999665,False,False
341,2022-01-22 02:00:00,2608.58,2610.97,2582.6,2594.8,9081.8774,2640.2650000000003,2727.0445,2802.187,2897.04725,2940.6387999999993,-345.8387999999991,-45.465000000000146,False,False
342,2022-01-22 03:00:00,2594.39,2618.46,2541.93,2568.43,9625.0064,2619.3849999999998,2714.4910000000004,2782.117333333334,2883.2295,2930.5943999999995,-362.16439999999966,-50.95499999999993,False,False
343,2022-01-22 04:00:00,2568.1,2578.28,2548.54,2556.17,7299.0689,2596.9080000000004,2699.815,2764.1213333333335,2868.26775,2919.543999999999,-363.3739999999989,-40.738000000000284,False,False
344,2022-01-22 05:00:00,2555.58,2565.03,2485.0,2496.65,10931.9683,2576.23,2683.318,2748.225,2853.7774999999997,2908.2445999999995,-411.59459999999945,-79.57999999999993,False,False
345,2022-01-22 06:00:00,2496.14,2533.27,2462.46,2507.36,14808.5929,2550.868,2664.1175,2731.4446666666668,2837.5712499999995,2895.6045999999997,-388.24459999999954,-43.50799999999981,False,False
346,2022-01-22 07:00:00,2507.34,2527.98,2425.95,2465.2,18559.80769,2527.111,2644.0924999999997,2714.435333333334,2819.5724999999998,2882.4135999999994,-417.2135999999996,-61.91100000000006,False,False
347,2022-01-22 08:00:00,2464.52,2505.13,2463.93,2469.64,9346.821,2513.806,2623.64,2698.7899999999995,2799.76125,2868.6804,-399.0404000000003,-44.16600000000017,False,False
348,2022-01-22 09:00:00,2469.64,2486.81,2370.95,2389.83,24431.86737,2510.199,2610.2124999999996,2684.9279999999994,2780.383,2855.3925999999997,-465.56259999999975,-120.36900000000014,False,False
349,2022-01-22 10:00:00,2389.2,2468.0,2300.0,2450.05,46330.64271,2501.2940000000003,2590.794999999999,2670.2929999999997,2759.00175,2840.0917999999992,-390.04179999999906,-51.24400000000014,False,False
350,2022-01-22 11:00:00,2450.42,2479.45,2386.0,2431.15,12795.9463,2476.2940000000003,2567.5209999999997,2652.418333333333,2736.2945000000004,2823.6220000000003,-392.4720000000002,-45.14400000000023,False,False
351,2022-01-22 12:00:00,2432.01,2498.98,2423.12,2491.2,11994.4338,2456.736,2548.5004999999996,2636.941666666666,2715.8242499999997,2808.985,-317.7850000000003,34.46399999999994,False,False
352,2022-01-22 13:00:00,2491.19,2518.61,2458.95,2467.6,13350.3735,2440.788,2530.0865,2623.2566666666667,2696.785,2794.7411999999995,-327.14119999999957,26.811999999999898,False,False
353,2022-01-22 14:00:00,2467.75,2473.99,2417.0,2419.49,8999.0079,2432.4900000000002,2514.6989999999996,2610.706666666666,2681.2134999999994,2781.1121999999996,-361.6221999999998,-13.000000000000455,False,False
354,2022-01-22 15:00:00,2420.09,2431.59,2382.0,2387.01,10067.3608,2419.3360000000002,2497.783,2595.3239999999996,2666.0027499999997,2766.8891999999996,-379.8791999999994,-32.32600000000002,False,False
355,2022-01-22 16:00:00,2387.68,2465.18,2362.32,2440.12,13293.3694,2409.036,2479.9519999999998,2579.0903333333326,2650.8424999999997,2751.864199999999,-311.7441999999992,31.083999999999833,False,False
356,2022-01-22 17:00:00,2439.4,2451.24,2370.0,2380.29,10598.5777,2399.022,2463.0665,2562.402333333333,2635.582,2735.4624,-355.1723999999999,-18.73199999999997,False,False
357,2022-01-22 18:00:00,2380.42,2397.93,2322.12,2330.4,13539.5484,2393.427,2453.6165,2546.9023333333334,2622.449249999999,2718.4943999999996,-388.0943999999995,-63.027000000000044,False,False
358,2022-01-22 19:00:00,2330.78,2374.92,2320.0,2337.76,9679.2528,2379.246,2444.7225000000003,2533.2236666666663,2608.5074999999993,2700.1555999999996,-362.3955999999994,-41.485999999999876,False,False
359,2022-01-22 20:00:00,2337.76,2457.23,2319.9,2430.42,16848.359,2374.151,2437.7225000000003,2518.580333333333,2596.2574999999997,2682.0316,-251.61159999999973,56.26900000000023,False,False
360,2022-01-22 21:00:00,2430.05,2471.92,2410.03,2446.49,5777.598,2376.141,2426.2175,2503.727666666666,2583.3489999999993,2664.2638,-217.7738000000004,70.3489999999997,False,False
361,2022-01-22 22:00:00,2446.9,2446.9,2365.2,2379.35,4034.8597,2378.544,2417.6400000000003,2491.848333333333,2572.3422499999992,2648.3681999999994,-269.0181999999995,0.80600000000004,False,False
362,2022-01-22 23:00:00,2378.99,2413.68,2370.38,2411.5,3588.095,2372.752,2406.77,2477.641666666666,2560.6304999999998,2631.9783999999995,-220.4783999999995,38.74800000000005,False,False
363,2022-01-23 00:00:00,2412.39,2449.91,2398.32,2448.55,7723.3452,2363.895,2398.1925,2464.4309999999996,2549.0037499999994,2617.7497999999996,-169.1997999999994,84.6550000000002,False,False
364,2022-01-23 01:00:00,2447.89,2463.14,2433.73,2445.03,6575.1973,2362.027,2390.6814999999997,2452.5310000000004,2536.99975,2605.2075999999997,-160.17759999999953,83.00300000000016,False,False
365,2022-01-23 02:00:00,2445.04,2448.83,2389.14,2395.15,5723.6955,2367.2,2388.118,2442.3680000000004,2526.1177499999994,2594.1139999999996,-198.9639999999995,27.950000000000273,False,False
366,2022-01-23 03:00:00,2395.15,2420.54,2386.35,2417.24,4576.3917,2369.882,2384.4519999999998,2432.005,2514.2722499999995,2582.442,-165.20200000000023,47.35799999999972,False,False
367,2022-01-23 04:00:00,2417.0,2445.0,2407.64,2433.0,6802.6992,2371.517,2382.4719999999998,2426.25,2503.056,2572.2627999999995,-139.26279999999952,61.483000000000175,False,False
368,2022-01-23 05:00:00,2433.0,2484.56,2411.65,2467.98,10739.5722,2380.069,2379.6575,2423.1713333333337,2494.935,2562.8197999999993,-94.83979999999929,87.91100000000006,False,False
369,2022-01-23 06:00:00,2467.98,2480.05,2451.0,2463.15,7551.4397,2389.234,2381.6925,2421.5596666666665,2486.2437499999996,2554.8527999999997,-91.70279999999957,73.91600000000017,False,False
370,2022-01-23 07:00:00,2463.15,2501.94,2458.67,2488.16,7355.8191,2402.344,2389.2425000000003,2418.2596666666664,2478.3817499999996,2547.1479999999997,-58.98799999999983,85.8159999999998,False,False
371,2022-01-23 08:00:00,2488.15,2520.44,2477.0,2520.2,11456.0847,2407.208,2392.8759999999997,2414.162666666666,2470.6882499999997,2539.3153999999995,-19.11539999999968,112.99199999999973,False,False
372,2022-01-23 09:00:00,2520.5,2551.9,2509.43,2534.86,9138.0202,2418.388,2395.57,2410.6426666666666,2462.8282499999996,2532.182,2.6780000000003383,116.47200000000021,True,False
373,2022-01-23 10:00:00,2535.04,2538.81,2514.0,2534.58,7656.0288,2432.293,2398.094,2409.559333333333,2456.3965,2525.6615999999995,8.918400000000474,102.28699999999981,False,False
374,2022-01-23 11:00:00,2534.68,2536.83,2492.14,2498.28,6891.9437,2443.861,2402.944,2408.408,2450.3635,2518.3719999999994,-20.09199999999919,54.419000000000324,False,False
375,2022-01-23 12:00:00,2498.67,2505.42,2482.56,2495.54,5805.6456,2449.7019999999998,2408.451,2408.6459999999997,2444.2015,2510.834599999999,-15.294599999999264,45.83800000000019,False,False
376,2022-01-23 13:00:00,2495.53,2510.2,2483.28,2505.77,5935.8531,2459.044,2414.4629999999997,2409.316,2438.76475,2503.2265999999995,2.5434000000004744,46.72600000000011,True,False
377,2022-01-23 14:00:00,2505.5,2514.99,2406.4,2434.17,15113.5784,2468.737,2420.1269999999995,2411.227,2436.8717499999993,2496.1921999999995,-62.02219999999943,-34.56700000000001,False,False
378,2022-01-23 15:00:00,2433.99,2440.76,2418.07,2432.98,6011.0218,2468.6130000000003,2424.341,2409.3093333333327,2434.5317499999996,2489.6705999999995,-56.69059999999945,-35.633000000000266,False,False
379,2022-01-23 16:00:00,2432.74,2454.64,2416.23,2426.45,7222.7154,2469.255,2429.2445,2410.8799999999997,2433.4834999999994,2482.8459999999995,-56.39599999999973,-42.80500000000029,False,False
380,2022-01-23 17:00:00,2426.45,2446.96,2423.63,2437.77,3446.9377,2465.778,2434.061,2414.7543333333333,2430.1392499999993,2475.8609999999994,-38.09099999999944,-28.00799999999981,False,False
381,2022-01-23 18:00:00,2437.76,2446.33,2407.0,2414.62,5895.0115,2462.2740000000003,2434.741,2416.0086666666666,2426.1904999999997,2469.0053999999996,-54.38539999999966,-47.65400000000045,False,False
382,2022-01-23 19:00:00,2415.22,2429.5,2376.0,2384.36,7820.3306,2455.2740000000003,2436.8309999999997,2415.4713333333334,2421.8005,2461.3173999999995,-76.95739999999932,-70.91400000000021,False,False
383,2022-01-23 20:00:00,2384.1,2428.23,2370.96,2423.57,7533.9242,2441.931,2437.112,2412.7063333333335,2417.65225,2453.5033999999996,-29.933399999999438,-18.360999999999876,False,False
384,2022-01-23 21:00:00,2423.79,2439.2,2404.8,2422.14,4656.275,2427.6269999999995,2435.7439999999997,2411.171666666667,2413.2127499999997,2445.8161999999998,-23.67619999999988,-5.486999999999625,False,False
385,2022-01-23 22:00:00,2422.14,2448.41,2418.65,2445.84,4201.5833,2418.8929999999996,2434.2975,2411.931666666667,2411.20775,2439.1398,6.700200000000223,26.94700000000057,True,False
386,2022-01-23 23:00:00,2445.84,2548.0,2438.46,2539.63,20231.4365,2412.502,2435.773,2413.809333333333,2410.1125,2433.5122,106.11779999999999,127.12800000000016,False,False
387,2022-01-24 00:00:00,2539.6,2539.97,2484.0,2491.13,10161.1533,2408.02,2438.3785,2416.091333333333,2410.4252500000002,2431.1014,60.0286000000001,83.11000000000013,False,False
388,2022-01-24 01:00:00,2491.12,2502.22,2453.0,2458.1,7678.1647,2415.7799999999997,2442.1965,2421.4873333333335,2410.927,2430.7814000000003,27.318599999999606,42.320000000000164,False,False
389,2022-01-24 02:00:00,2458.09,2464.32,2433.54,2437.45,6508.2236,2419.273,2444.264,2425.920666666667,2412.97825,2430.6414,6.808599999999842,18.17699999999968,False,False
390,2022-01-24 03:00:00,2437.76,2464.9,2435.02,2460.39,4847.6376,2421.004,2443.3910000000005,2429.7086666666664,2416.3167500000004,2428.3122,32.077800000000025,39.38599999999997,False,False
391,2022-01-24 04:00:00,2460.39,2471.22,2428.91,2439.47,4677.8877,2422.143,2442.2084999999997,2430.5416666666665,2417.54225,2425.381,14.088999999999942,17.32699999999977,False,False
392,2022-01-24 05:00:00,2439.75,2446.11,2420.52,2440.57,5869.2233,2424.334,2439.804,2432.665333333333,2417.6870000000004,2422.3072,18.26279999999997,16.23600000000033,False,False
393,2022-01-24 06:00:00,2440.56,2456.46,2429.74,2436.22,4222.0265,2428.786,2435.3584999999994,2434.3366666666675,2416.7262500000006,2419.8790000000004,16.34099999999944,7.433999999999742,False,False
394,2022-01-24 07:00:00,2435.97,2435.97,2381.47,2387.31,10061.6579,2434.6639999999998,2431.1454999999996,2435.3840000000005,2417.0447500000005,2417.503,-30.19300000000021,-47.353999999999814,False,True
395,2022-01-24 08:00:00,2387.31,2444.62,2361.0,2384.75,18283.5126,2432.3310000000006,2425.6119999999996,2433.6420000000003,2417.0315000000005,2415.4324,-30.682400000000143,-47.581000000000586,False,False
396,2022-01-24 09:00:00,2385.02,2395.73,2322.13,2337.1,22687.1608,2426.5660000000003,2419.5339999999997,2432.704,2416.9985000000006,2413.4032,-76.30320000000029,-89.46600000000035,False,False
397,2022-01-24 10:00:00,2337.11,2343.95,2211.01,2217.22,36432.90984,2414.933,2411.4764999999998,2430.563333333333,2415.80175,2411.3268000000007,-194.10680000000093,-197.7130000000002,False,False
398,2022-01-24 11:00:00,2217.22,2285.6,2201.71,2239.12,25663.13627,2387.6340000000005,2401.707,2424.0089999999996,2413.0240000000003,2406.2684000000004,-167.1484000000005,-148.51400000000058,False,False
399,2022-01-24 12:00:00,2238.79,2249.05,2173.03,2191.0,20985.02191,2362.5049999999997,2390.889,2417.011,2410.066750000001,2402.8836000000006,-211.88360000000057,-171.50499999999965,False,False
400,2022-01-24 13:00:00,2191.0,2231.2,2173.82,2185.36,25711.2889,2336.454,2378.7290000000003,2407.7453333333333,2406.3950000000004,2400.344200000001,-214.98420000000078,-151.09400000000005,False,False
401,2022-01-24 14:00:00,2184.15,2257.37,2158.72,2206.0,28973.12727,2310.334,2366.2385,2398.250333333334,2400.4897500000006,2396.1006000000007,-190.10060000000067,-104.33399999999983,False,False
402,2022-01-24 15:00:00,2205.3,2286.4,2162.0,2275.0,27273.0148,2283.315,2353.8244999999997,2387.6410000000005,2395.3277500000004,2390.8126000000007,-115.81260000000066,-8.315000000000055,False,False
403,2022-01-24 16:00:00,2275.19,2308.58,2221.91,2260.29,19587.2044,2257.4630000000006,2343.1245,2376.0599999999995,2390.118250000001,2384.873600000001,-124.58360000000084,2.826999999999316,False,False
404,2022-01-24 17:00:00,2260.61,2367.34,2214.07,2349.47,20555.0889,2236.68,2335.672,2366.323666666666,2385.708000000001,2380.9718000000007,-31.501800000000912,112.78999999999996,False,False
405,2022-01-24 18:00:00,2349.11,2407.54,2333.31,2387.3,20293.9503,2219.9399999999996,2326.1355,2357.0546666666664,2380.216500000001,2377.613200000001,9.686799999999039,167.36000000000058,True,False
406,2022-01-24 19:00:00,2387.21,2401.08,2342.4,2380.0,14099.6136,2217.1710000000003,2321.8685,2352.0796666666665,2378.8207500000008,2377.033000000001,2.9669999999991887,162.82899999999972,False,False
407,2022-01-24 20:00:00,2380.0,2481.65,2367.43,2465.69,14406.5358,2219.1980000000003,2317.0654999999997,2347.3836666666666,2377.722,2376.481,89.20899999999983,246.49199999999973,False,False
408,2022-01-24 21:00:00,2465.69,2476.05,2437.98,2442.95,9826.6689,2234.84,2311.237,2346.0846666666666,2376.71675,2377.3872000000006,65.56279999999924,208.10999999999967,False,False
409,2022-01-24 22:00:00,2443.0,2455.9,2408.88,2413.45,5112.3434,2258.4669999999996,2310.486,2346.7483333333325,2377.375,2379.7468000000003,33.70319999999947,154.98300000000017,False,False
410,2022-01-24 23:00:00,2413.36,2450.5,2412.83,2440.37,4503.6434,2282.052,2309.253,2346.503333333333,2376.322,2381.5264000000006,58.84359999999924,158.31799999999976,False,False
411,2022-01-25 00:00:00,2440.36,2442.88,2386.7,2388.97,7312.4134,2305.953,2308.1435,2346.1433333333334,2375.1760000000004,2381.5824000000007,7.387599999999111,83.01699999999983,False,False
412,2022-01-25 01:00:00,2388.98,2403.78,2378.49,2392.45,5585.3411,2328.7509999999997,2306.0330000000004,2345.4666666666667,2372.9185,2382.0124,10.437599999999748,63.69900000000007,False,False
413,2022-01-25 02:00:00,2392.33,2414.41,2383.02,2411.3,3898.7969,2350.4,2303.9315,2345.5496666666663,2369.6449999999995,2382.1746000000007,29.125399999999445,60.90000000000009,False,False
414,2022-01-25 03:00:00,2411.3,2425.18,2397.28,2416.84,4060.043,2366.5110000000004,2301.5955,2345.9516666666673,2366.3705,2381.8686000000007,34.97139999999945,50.32899999999972,False,False
415,2022-01-25 04:00:00,2416.61,2422.0,2375.58,2380.01,4101.8585,2384.8319999999994,2302.3859999999995,2345.701,2363.999,2381.1396000000004,-1.1296000000002095,-4.821999999999207,False,True
416,2022-01-25 05:00:00,2380.01,2397.3,2375.06,2394.69,3690.5726,2389.0589999999997,2303.115,2344.2653333333337,2361.3244999999997,2380.8684000000007,13.821599999999307,5.631000000000313,True,False
417,2022-01-25 06:00:00,2394.68,2399.62,2364.49,2365.17,4772.1801,2392.325,2305.7614999999996,2342.1519999999996,2358.6189999999997,2380.6426,-15.472600000000057,-27.154999999999745,False,True
418,2022-01-25 07:00:00,2365.31,2388.32,2351.41,2384.26,5723.2206,2392.0310000000004,2313.4355,2338.1683333333335,2357.57125,2379.7796000000003,4.480399999999918,-7.7710000000001855,True,False
419,2022-01-25 08:00:00,2384.22,2413.47,2374.72,2386.0,9697.0488,2383.3740000000003,2320.9204999999993,2334.7819999999997,2355.90475,2378.5748000000003,7.425199999999677,2.625999999999749,False,False
420,2022-01-25 09:00:00,2385.99,2435.45,2381.63,2426.76,5967.6086,2379.9579999999996,2331.005,2332.8213333333333,2354.867,2377.0492000000004,49.710799999999836,46.80200000000059,False,False
421,2022-01-25 10:00:00,2426.99,2454.0,2418.36,2430.02,7282.2877,2376.838,2341.3954999999996,2331.0416666666665,2353.8170000000005,2375.5084000000006,54.51159999999936,53.18199999999979,False,False
422,2022-01-25 11:00:00,2430.02,2442.99,2408.43,2425.25,5904.2817,2380.0040000000004,2354.3774999999996,2330.69,2354.1010000000006,2374.3356000000003,50.91439999999966,45.24599999999964,False,False
423,2022-01-25 12:00:00,2425.25,2461.7,2409.38,2438.87,10235.9668,2382.9980000000005,2366.6989999999996,2330.2869999999994,2354.91175,2372.3156,66.55439999999999,55.87199999999939,False,False
424,2022-01-25 13:00:00,2439.09,2443.83,2405.08,2428.85,9199.6608,2385.634,2376.0725,2329.608333333333,2355.872250000001,2370.2232,58.6268,43.215999999999894,False,False
425,2022-01-25 14:00:00,2428.85,2470.0,2389.25,2394.57,21868.6691,2386.4139999999998,2385.623,2330.3953333333334,2355.8792500000004,2368.482,26.088000000000193,8.156000000000404,False,False
426,2022-01-25 15:00:00,2394.57,2440.9,2367.06,2420.02,19795.6733,2387.781,2388.4199999999996,2331.3369999999995,2355.1442500000003,2366.6158,53.404199999999946,32.23900000000003,False,False
427,2022-01-25 16:00:00,2420.02,2454.2,2413.9,2433.75,12856.9903,2386.981,2389.653,2332.834666666666,2353.35925,2364.2914,69.45859999999993,46.76899999999978,False,False
428,2022-01-25 17:00:00,2433.72,2493.67,2432.0,2481.78,12293.4088,2391.9220000000005,2391.9765,2339.5976666666666,2351.60675,2364.4414,117.33860000000004,89.85799999999972,False,False
429,2022-01-25 18:00:00,2481.78,2508.0,2466.11,2498.03,10269.5894,2399.981,2391.6775000000002,2347.2739999999994,2351.08175,2364.72,133.3100000000004,98.04899999999998,False,False
430,2022-01-25 19:00:00,2497.94,2506.12,2467.56,2467.88,8114.7105,2409.12,2394.5389999999998,2357.0433333333335,2351.8959999999997,2365.7176,102.16240000000016,58.76000000000022,False,False
431,2022-01-25 20:00:00,2467.67,2472.0,2431.14,2439.35,9019.4288,2417.713,2397.2755,2366.8346666666666,2352.7095,2366.5962000000004,72.7537999999995,21.636999999999716,False,False
432,2022-01-25 21:00:00,2439.14,2443.21,2405.57,2414.05,5562.2169,2418.991,2399.4975000000004,2375.915333333333,2352.7652499999995,2367.079,46.971000000000004,-4.9409999999998035,False,True
433,2022-01-25 22:00:00,2414.2,2438.81,2405.54,2438.64,3738.5597,2418.705,2400.8514999999998,2384.0343333333335,2352.3914999999997,2367.6704,70.9695999999999,19.934999999999945,False,False
434,2022-01-25 23:00:00,2438.22,2472.88,2431.16,2459.99,6430.4969,2418.321,2401.9775,2390.1553333333336,2351.7864999999997,2368.3620000000005,91.62799999999925,41.66899999999987,False,False
435,2022-01-26 00:00:00,2459.99,2464.23,2414.86,2424.51,10175.5718,2420.929,2403.6715000000004,2397.391666666667,2353.02875,2368.8892,55.620800000000145,3.581000000000131,False,False
436,2022-01-26 01:00:00,2424.68,2450.32,2423.86,2446.61,5608.1857,2423.4900000000002,2405.6354999999994,2400.1099999999997,2354.3752499999996,2368.8134000000005,77.79659999999967,23.11999999999989,False,False
437,2022-01-26 02:00:00,2446.7,2470.5,2444.01,2445.87,4646.1654,2429.17,2408.0755000000004,2402.825333333333,2356.9184999999993,2368.5213999999996,77.34860000000026,16.699999999999818,False,False
438,2022-01-26 03:00:00,2445.54,2485.43,2444.76,2477.01,7245.0842,2432.1809999999996,2412.0515000000005,2405.3779999999997,2362.7434999999996,2367.7216,109.28840000000037,44.82900000000063,False,False
439,2022-01-26 04:00:00,2477.01,2500.72,2464.51,2499.38,6052.793,2433.457,2416.719,2405.604,2368.8197499999997,2367.5568,131.82320000000027,65.92300000000023,False,False
440,2022-01-26 05:00:00,2499.38,2500.96,2475.62,2477.13,4525.3733,2433.297000000001,2421.2085,2407.458333333333,2376.10675,2368.1762,108.95380000000023,43.832999999999174,False,False
441,2022-01-26 06:00:00,2477.25,2487.52,2446.97,2452.12,5177.9949,2434.103,2425.9080000000004,2409.5513333333333,2383.6517499999995,2368.9881999999993,83.13180000000057,18.016999999999825,False,False
442,2022-01-26 07:00:00,2452.19,2465.94,2446.27,2462.43,4388.9469,2435.6860000000006,2427.3385000000007,2411.5603333333333,2390.8579999999993,2369.3493999999996,93.08060000000023,26.743999999999232,False,False
443,2022-01-26 08:00:00,2462.43,2493.0,2461.34,2488.49,6782.2257,2439.7560000000003,2429.2305000000006,2413.819666666667,2397.9647499999996,2369.8643999999995,118.6256000000003,48.73399999999947,False,False
444,2022-01-26 09:00:00,2488.64,2521.46,2483.0,2490.94,9494.6807,2445.3360000000002,2431.8285000000005,2416.4303333333332,2403.9505,2370.4963999999995,120.44360000000052,45.603999999999814,False,False
445,2022-01-26 10:00:00,2490.51,2540.45,2478.01,2526.99,8649.1688,2450.5200000000004,2435.7245000000003,2419.2876666666675,2410.6737499999995,2372.5269999999996,154.4630000000002,76.46999999999935,False,False
446,2022-01-26 11:00:00,2527.25,2549.0,2516.33,2547.81,7848.0366,2456.835,2440.1625000000004,2422.7019999999998,2414.2912499999993,2374.8671999999992,172.94280000000072,90.97499999999991,False,False
447,2022-01-26 12:00:00,2547.52,2548.74,2530.7,2533.79,6106.7362,2466.082000000001,2447.6260000000007,2427.4110000000005,2418.6394999999993,2378.7511999999992,155.03880000000072,67.70799999999917,False,False
448,2022-01-26 13:00:00,2533.79,2637.48,2524.17,2624.54,24518.7144,2474.7510000000007,2453.466,2432.9513333333334,2422.7212499999996,2385.1449999999995,239.39500000000044,149.7889999999993,False,False
449,2022-01-26 14:00:00,2624.24,2671.96,2616.41,2647.61,20460.8226,2482.6920000000005,2458.0744999999997,2438.71,2424.8759999999993,2391.594199999999,256.01580000000104,164.91799999999967,False,False
450,2022-01-26 15:00:00,2647.87,2659.86,2588.3,2606.3,14509.343,2497.8820000000005,2465.5895000000005,2446.7663333333335,2430.0642499999994,2400.4617999999996,205.8382000000006,108.41799999999967,False,False
451,2022-01-26 16:00:00,2606.37,2621.22,2596.03,2616.04,6979.3349,2509.15,2471.6265,2453.655333333334,2434.451,2408.7513999999996,207.28860000000032,106.88999999999987,False,False
452,2022-01-26 17:00:00,2616.43,2638.75,2592.84,2596.84,7789.6199,2524.0559999999996,2479.871,2459.577666666667,2439.68425,2417.4975999999997,179.34240000000045,72.78400000000056,False,False
453,2022-01-26 18:00:00,2596.84,2626.28,2561.6,2606.05,15724.0328,2538.7129999999997,2489.2345,2465.724666666667,2445.043,2426.1143999999995,179.9356000000007,67.33700000000044,False,False
454,2022-01-26 19:00:00,2605.98,2724.51,2566.63,2574.18,49213.4624,2548.739,2497.0374999999995,2470.798666666667,2449.5075,2432.9082,141.27179999999998,25.440999999999804,False,False
455,2022-01-26 20:00:00,2574.63,2574.63,2472.0,2520.3,29018.3373,2557.102,2503.811,2476.183666666667,2453.7412500000005,2439.9593999999997,80.34060000000045,-36.80199999999968,False,True
456,2022-01-26 21:00:00,2520.58,2535.77,2414.01,2419.89,14503.3472,2556.5009999999997,2506.668,2478.9420000000005,2456.15175,2442.7331999999997,-22.843199999999797,-136.61099999999988,False,False
457,2022-01-26 22:00:00,2419.89,2443.93,2402.91,2439.2,8112.9778,2546.2690000000002,2506.1755000000003,2480.507,2457.1255000000006,2444.1653999999994,-4.96539999999959,-107.06900000000041,False,False
458,2022-01-26 23:00:00,2439.17,2477.99,2434.68,2464.61,7094.2119,2533.49,2504.1205,2480.140666666666,2458.0860000000002,2444.8749999999995,19.735000000000582,-68.87999999999965,True,False
459,2022-01-27 00:00:00,2464.62,2497.21,2440.43,2485.88,8907.2154,2524.541,2503.6164999999996,2480.229999999999,2460.16775,2444.8089999999997,41.07100000000037,-38.66100000000006,False,False
460,2022-01-27 01:00:00,2485.99,2485.99,2385.47,2392.02,15277.45,2506.943,2502.4125,2479.3739999999993,2461.8105,2445.4399999999996,-53.41999999999962,-114.92300000000023,False,False
461,2022-01-27 02:00:00,2392.29,2397.2,2358.37,2388.4,12371.2264,2486.6600000000008,2497.905,2476.637666666666,2461.9065,2444.8927999999996,-56.492799999999534,-98.26000000000067,False,False
462,2022-01-27 03:00:00,2388.29,2408.9,2355.21,2366.37,10582.1077,2462.894,2493.4750000000004,2474.211999999999,2460.40675,2444.3261999999995,-77.95619999999963,-96.52399999999989,False,False
463,2022-01-27 04:00:00,2365.88,2399.41,2362.01,2394.5,7840.7569,2439.131,2488.922,2472.5333333333333,2459.07625,2443.8606,-49.36059999999998,-44.63099999999986,False,False
464,2022-01-27 05:00:00,2394.5,2410.49,2382.43,2390.45,6381.3077,2419.172,2483.9555000000005,2471.082333333333,2457.892,2443.4404,-52.990400000000136,-28.722000000000207,False,False
465,2022-01-27 06:00:00,2390.59,2403.67,2376.54,2401.29,4729.4496,2400.7519999999995,2478.9270000000006,2469.4579999999996,2457.3257499999995,2443.1434,-41.853399999999965,0.5380000000004657,False,False
466,2022-01-27 07:00:00,2401.29,2419.93,2388.91,2404.4,6096.9599,2391.2059999999997,2473.8535,2468.180666666666,2457.0079999999994,2443.1625999999997,-38.762599999999566,13.194000000000415,False,False
467,2022-01-27 08:00:00,2404.43,2445.6,2386.49,2440.85,10369.0443,2388.6960000000004,2467.4825000000005,2467.015666666666,2457.5542499999997,2443.4395999999997,-2.589599999999791,52.15399999999954,False,False
468,2022-01-27 09:00:00,2440.86,2451.38,2427.4,2442.74,6793.6909,2387.054,2460.272,2465.098333333334,2456.8689999999992,2443.8795999999998,-1.139599999999973,55.685999999999694,False,False
469,2022-01-27 10:00:00,2442.7,2452.62,2419.4,2425.44,4129.773,2386.326,2455.4335,2464.5196666666666,2456.753999999999,2445.3994,-19.959399999999732,39.11400000000003,False,False
470,2022-01-27 11:00:00,2425.3,2458.82,2424.34,2457.84,6514.9319,2384.2230000000004,2445.5830000000005,2463.016,2455.5862499999994,2446.2929999999997,11.54700000000048,73.61699999999973,True,False
471,2022-01-27 12:00:00,2457.76,2471.25,2440.0,2457.66,7884.7855,2388.11,2437.3850000000007,2461.3066666666664,2454.505749999999,2447.1472,10.51279999999997,69.54999999999973,False,False
472,2022-01-27 13:00:00,2457.9,2491.66,2452.98,2488.0,7688.6267,2396.273,2429.5834999999997,2461.074333333333,2454.727249999999,2447.58,40.42000000000007,91.72699999999986,False,False
473,2022-01-27 14:00:00,2488.0,2521.49,2476.63,2493.78,12385.9429,2406.05,2422.5905000000002,2461.298,2455.9124999999995,2448.4709999999995,45.30900000000065,87.73000000000002,False,False
474,2022-01-27 15:00:00,2493.78,2518.7,2462.37,2480.01,10326.7261,2417.5119999999997,2418.3420000000006,2461.807666666667,2457.689749999999,2449.8159999999993,30.19400000000087,62.4980000000005,False,False
475,2022-01-27 16:00:00,2480.25,2495.8,2453.8,2478.36,8783.0232,2425.5060000000003,2413.1290000000004,2461.1200000000003,2458.4699999999993,2450.961799999999,27.398200000000998,52.853999999999814,False,False
476,2022-01-27 17:00:00,2478.13,2487.96,2439.23,2449.53,7143.7283,2433.232,2412.2190000000005,2460.313,2459.4434999999994,2452.2527999999993,-2.722799999999097,16.29800000000023,False,False
477,2022-01-27 18:00:00,2449.5,2456.81,2412.83,2435.56,7019.4585,2438.2639999999997,2413.480000000001,2457.7430000000004,2459.8277499999995,2453.6961999999994,-18.136199999999462,-2.7039999999997235,False,False
478,2022-01-27 19:00:00,2435.56,2448.27,2391.56,2395.5,9030.2919,2440.8979999999997,2413.976000000001,2453.814,2459.04825,2453.674799999999,-58.17479999999887,-45.39799999999968,False,False
479,2022-01-27 20:00:00,2395.94,2414.93,2333.44,2340.69,12543.4524,2437.3139999999994,2411.8200000000006,2449.3936666666664,2457.7182499999994,2452.865999999999,-112.17599999999902,-96.62399999999934,False,False
480,2022-01-27 21:00:00,2340.79,2372.62,2316.99,2361.07,13932.7408,2428.718,2406.4705000000004,2439.961333333334,2454.4415,2450.2125999999994,-89.14259999999922,-67.64799999999968,False,False
481,2022-01-27 22:00:00,2360.58,2401.0,2328.25,2382.72,11866.5222,2417.9829999999993,2403.0465000000004,2430.9176666666676,2450.47575,2447.201199999999,-64.48119999999926,-35.262999999999465,False,False
482,2022-01-27 23:00:00,2382.57,2430.55,2382.0,2424.72,7816.7912,2406.808,2401.5405,2421.9916666666672,2447.5077499999998,2445.143399999999,-20.42339999999922,17.911999999999807,False,False
483,2022-01-28 00:00:00,2424.78,2446.5,2411.65,2432.33,8904.8274,2399.71,2402.88,2414.9636666666675,2445.901,2444.6719999999996,-12.341999999999643,32.61999999999989,False,False
484,2022-01-28 01:00:00,2432.2,2441.13,2385.87,2396.44,5142.3399,2393.2120000000004,2405.362,2409.965333333334,2444.65875,2444.7941999999994,-48.35419999999931,3.2279999999996107,False,False
485,2022-01-28 02:00:00,2396.54,2405.64,2363.89,2404.69,6238.7847,2385.562,2405.534,2403.9400000000005,2442.2305,2443.8883999999994,-39.19839999999931,19.128000000000156,False,False
486,2022-01-28 03:00:00,2404.7,2456.48,2400.02,2447.02,7549.7663,2376.571,2404.9015,2400.3363333333336,2439.3774999999996,2442.8689999999992,4.151000000000749,70.44900000000007,True,False
487,2022-01-28 04:00:00,2447.24,2461.66,2425.07,2441.18,4982.1787,2372.65,2405.4569999999994,2399.870000000001,2436.46975,2442.3921999999993,-1.2121999999994841,68.52999999999975,False,False
488,2022-01-28 05:00:00,2441.18,2458.5,2431.86,2448.61,5642.769,2373.874,2407.3859999999995,2400.608666666668,2433.829,2442.0134,6.596600000000308,74.73600000000033,True,False
489,2022-01-28 06:00:00,2448.73,2474.41,2421.73,2422.08,7212.2318,2377.904,2407.6089999999995,2400.5146666666674,2431.5212500000002,2441.7554,-19.67540000000008,44.17599999999993,False,False
490,2022-01-28 07:00:00,2422.22,2439.9,2390.6,2390.93,9821.9773,2386.7329999999997,2407.7255,2399.8913333333335,2426.6542500000005,2440.8997999999997,-49.96979999999985,4.197000000000116,False,False
491,2022-01-28 08:00:00,2390.93,2408.59,2376.0,2403.73,10145.6972,2394.094,2406.0384999999997,2400.0623333333338,2421.711750000001,2439.1994,-35.46939999999995,9.635999999999967,False,False
492,2022-01-28 09:00:00,2404.18,2420.99,2378.9,2389.55,9033.8697,2398.8689999999997,2402.8385000000003,2400.6500000000005,2416.2110000000002,2437.78,-48.23000000000002,-9.318999999999505,False,False
493,2022-01-28 10:00:00,2389.55,2413.4,2375.0,2401.36,6089.8395,2398.559,2399.1345,2401.4396666666667,2410.8625,2436.4325999999996,-35.07259999999951,2.800999999999931,False,False
494,2022-01-28 11:00:00,2401.36,2408.15,2372.29,2396.57,7217.0532,2394.8940000000002,2394.0530000000003,2401.8726666666666,2406.1975000000007,2434.7058,-38.13580000000002,1.6759999999999309,False,False
495,2022-01-28 12:00:00,2397.04,2404.68,2358.84,2375.34,9061.013,2393.536,2389.549,2401.5346666666665,2401.3390000000004,2432.4916,-57.15159999999969,-18.195999999999913,False,False
496,2022-01-28 13:00:00,2375.34,2438.0,2370.0,2431.0,13039.2984,2393.031,2384.8010000000004,2400.944666666666,2398.51,2430.1081999999997,0.8918000000003303,37.96900000000005,True,False
497,2022-01-28 14:00:00,2431.0,2441.23,2380.0,2396.25,12369.4068,2390.029,2381.3395000000005,2400.3143333333333,2397.4097500000003,2427.1816,-30.93159999999989,6.221000000000004,False,False
498,2022-01-28 15:00:00,2396.0,2448.35,2390.1,2442.87,11868.7281,2385.522,2379.6979999999994,2400.098,2396.8370000000004,2424.1675999999998,18.702400000000125,57.347999999999956,True,False
499,2022-01-28 16:00:00,2442.88,2483.57,2432.8,2474.66,5258.1739,2381.346,2379.6249999999995,2398.8546666666666,2395.7225000000003,2421.4862,53.17380000000003,93.31399999999985,False,False
